"State","Agency_type","Agency_name","Ethnicity","Disability","Gender","Gender_Identity"
"Alabama","Cities","Florence",0,0,0,0
"Alabama","Cities","Hoover",0,0,0,0
"Alabama","Cities","Prattville",0,0,0,0
"Alabama","Cities","Tuscaloosa",0,0,0,0
"Alaska","Cities","Anchorage",0,0,0,0
"Arizona","Cities","Apache Junction",0,0,0,0
"Arizona","Cities","Avondale",1,0,0,0
"Arizona","Cities","Eagar",1,0,0,0
"Arizona","Cities","El Mirage",0,0,0,0
"Arizona","Cities","Gilbert",0,0,0,0
"Arizona","Cities","Glendale",1,0,0,0
"Arizona","Cities","Goodyear",0,0,0,0
"Arizona","Cities","Maricopa",0,0,0,0
"Arizona","Cities","Mesa",0,0,0,0
"Arizona","Cities","Phoenix",14,1,0,0
"Arizona","Cities","Prescott",1,0,0,0
"Arizona","Cities","Scottsdale",1,0,0,0
"Arizona","Cities","Tempe",0,0,0,0
"Arizona","Cities","Tucson",1,0,0,0
"Arizona","Cities","Yuma",3,0,0,0
"Arizona","Universities and Colleges","Northern Arizona University",0,0,0,0
"Arizona","Universities and Colleges","University of Arizona",0,0,0,0
"Arizona","Metropolitan Counties","Cochise",0,0,0,0
"Arizona","Metropolitan Counties","Maricopa",0,0,0,0
"Arizona","Metropolitan Counties","Pima",0,0,0,0
"Arizona","Metropolitan Counties","Yuma",1,0,0,0
"Arkansas","Cities","Bentonville",0,0,0,0
"Arkansas","Cities","Berryville",0,0,0,0
"Arkansas","Cities","Cabot",0,0,0,0
"Arkansas","Cities","England",0,0,0,0
"Arkansas","Cities","Fairfield Bay",0,0,0,0
"Arkansas","Cities","Fort Smith",0,0,0,0
"Arkansas","Cities","Gurdon",0,0,0,0
"Arkansas","Cities","Marion",0,0,0,0
"Arkansas","Cities","North Little Rock",0,0,0,0
"Arkansas","Cities","Pine Bluff",0,0,0,0
"Arkansas","Cities","Rogers",0,0,0,0
"Arkansas","Cities","Sherwood",0,0,0,0
"Arkansas","Universities and Colleges","""University of Arkansas",1,0,0,0
"Arkansas","Metropolitan Counties","Crawford",0,0,0,0
"Arkansas","Metropolitan Counties","Faulkner",1,0,0,0
"Arkansas","Metropolitan Counties","Lonoke",0,0,0,0
"Arkansas","Metropolitan Counties","Pulaski",1,0,0,0
"Arkansas","Metropolitan Counties","Sebastian",0,0,0,0
"Arkansas","Nonmetropolitan Counties","Greene",0,0,0,0
"Arkansas","Nonmetropolitan Counties","Pope",0,0,0,0
"California","Cities","Adelanto",1,0,0,0
"California","Cities","Agoura Hills",0,0,0,0
"California","Cities","Alameda",0,0,0,0
"California","Cities","Alhambra",0,0,0,0
"California","Cities","Antioch",0,0,0,0
"California","Cities","Arcadia",0,0,0,0
"California","Cities","Atascadero",1,0,0,0
"California","Cities","Atwater",1,0,0,0
"California","Cities","Auburn",0,0,0,0
"California","Cities","Azusa",0,0,0,0
"California","Cities","Bakersfield",0,0,0,0
"California","Cities","Baldwin Park",0,0,0,0
"California","Cities","Banning",1,0,0,0
"California","Cities","Berkeley",1,0,0,0
"California","Cities","Beverly Hills",0,0,0,0
"California","Cities","Brentwood3",0,0,0,0
"California","Cities","Buena Park3",1,0,0,0
"California","Cities","Burbank",1,0,0,0
"California","Cities","Calabasas",0,0,0,0
"California","Cities","Camarillo",0,0,0,0
"California","Cities","Campbell",0,0,0,0
"California","Cities","Carlsbad",1,0,0,0
"California","Cities","Carson",0,0,0,0
"California","Cities","Cerritos",0,0,0,0
"California","Cities","Chico",0,0,0,0
"California","Cities","Chino",3,0,0,0
"California","Cities","Chula Vista",0,0,0,0
"California","Cities","Citrus Heights",0,0,0,0
"California","Cities","Claremont",0,0,0,0
"California","Cities","Clearlake",0,0,0,0
"California","Cities","Clovis",1,0,0,0
"California","Cities","Colton",0,0,0,0
"California","Cities","Compton",0,0,0,0
"California","Cities","Concord",0,0,0,0
"California","Cities","Corcoran",0,0,0,0
"California","Cities","Corona",1,0,0,0
"California","Cities","Coronado",0,0,0,0
"California","Cities","Costa Mesa",0,0,0,0
"California","Cities","Covina",0,0,0,0
"California","Cities","Cupertino",0,0,0,1
"California","Cities","Cypress",1,0,0,0
"California","Cities","Daly City",0,0,0,0
"California","Cities","Dana Point",0,0,0,0
"California","Cities","Davis",1,0,0,0
"California","Cities","Duarte",0,0,0,0
"California","Cities","El Cajon",1,0,0,0
"California","Cities","El Cerrito",4,0,0,0
"California","Cities","Elk Grove",0,0,0,0
"California","Cities","El Monte",0,0,0,0
"California","Cities","Emeryville",0,0,0,0
"California","Cities","Encinitas",1,0,0,0
"California","Cities","Escondido",2,0,0,0
"California","Cities","Eureka",0,0,0,0
"California","Cities","Fairfield",1,0,0,0
"California","Cities","Fontana",0,0,0,0
"California","Cities","Foster City",0,0,0,0
"California","Cities","Fresno",2,0,0,1
"California","Cities","Fullerton",0,0,0,0
"California","Cities","Galt",0,0,0,0
"California","Cities","Garden Grove",3,0,0,0
"California","Cities","Gilroy",0,0,0,0
"California","Cities","Glendale",0,0,0,0
"California","Cities","Glendora",0,0,0,0
"California","Cities","Gridley",1,0,0,0
"California","Cities","Hanford",0,0,0,0
"California","Cities","Hawaiian Gardens",0,0,0,0
"California","Cities","Hayward",0,0,0,0
"California","Cities","Healdsburg",0,0,0,0
"California","Cities","Hercules",1,0,0,0
"California","Cities","Holtville",0,0,0,0
"California","Cities","Huntington Beach",0,0,0,1
"California","Cities","Imperial Beach",1,0,0,0
"California","Cities","Irvine",0,0,0,0
"California","Cities","Jurupa Valley",0,0,0,0
"California","Cities","Laguna Beach",0,0,0,0
"California","Cities","La Habra",0,0,0,0
"California","Cities","Lake Elsinore",0,0,0,0
"California","Cities","Lake Forest",0,0,0,0
"California","Cities","Lakewood",0,0,0,0
"California","Cities","La Mirada",0,0,0,0
"California","Cities","Lancaster",1,0,0,0
"California","Cities","La Quinta",0,0,0,0
"California","Cities","Lemon Grove",0,0,0,0
"California","Cities","Lemoore",0,0,0,0
"California","Cities","Livermore",1,0,0,0
"California","Cities","Lodi",2,0,0,0
"California","Cities","Lomita",1,0,0,0
"California","Cities","Long Beach",0,0,0,0
"California","Cities","Los Alamitos",0,0,0,0
"California","Cities","Los Angeles",9,0,0,2
"California","Cities","Los Gatos",0,0,0,0
"California","Cities","Lynwood",0,0,0,0
"California","Cities","Malibu",0,0,0,0
"California","Cities","Manhattan Beach",0,0,0,0
"California","Cities","Manteca",0,0,0,0
"California","Cities","Milpitas",0,0,0,0
"California","Cities","Modesto",1,0,0,0
"California","Cities","Montclair",0,0,0,0
"California","Cities","Monterey",0,0,0,0
"California","Cities","Moreno Valley",0,0,0,0
"California","Cities","Morgan Hill",0,0,0,0
"California","Cities","Murrieta3",0,0,0,0
"California","Cities","National City",0,0,0,0
"California","Cities","Newark",1,0,0,0
"California","Cities","Newport Beach",0,0,0,0
"California","Cities","Norwalk",0,0,0,0
"California","Cities","Oakland",2,0,0,0
"California","Cities","Oceanside",1,0,0,0
"California","Cities","Ontario",0,0,0,0
"California","Cities","Orange",0,0,0,0
"California","Cities","Oroville",0,0,0,0
"California","Cities","Oxnard",0,0,0,0
"California","Cities","Pacifica",0,0,0,0
"California","Cities","Pacific Grove",0,0,0,0
"California","Cities","Palmdale",0,0,0,0
"California","Cities","Palm Springs",0,0,0,0
"California","Cities","Palo Alto",1,0,0,0
"California","Cities","Paramount",0,0,0,0
"California","Cities","Pasadena",1,0,0,0
"California","Cities","Pico Rivera",1,0,0,0
"California","Cities","Pinole",1,0,0,0
"California","Cities","Placentia",0,0,0,0
"California","Cities","Rancho Cordova",0,0,0,0
"California","Cities","Rancho Palos Verdes",0,0,0,0
"California","Cities","Red Bluff",0,0,0,0
"California","Cities","Redding",2,0,0,0
"California","Cities","Redlands",0,0,0,0
"California","Cities","Redondo Beach",2,0,0,0
"California","Cities","Redwood City",0,0,0,0
"California","Cities","Richmond",0,0,0,0
"California","Cities","Ridgecrest",0,0,0,0
"California","Cities","Riverside",2,0,0,1
"California","Cities","Rohnert Park",3,0,0,0
"California","Cities","Rolling Hills Estates",0,0,0,0
"California","Cities","Roseville",0,0,0,0
"California","Cities","Sacramento",2,0,0,0
"California","Cities","Salinas",1,0,0,0
"California","Cities","San Bernardino",1,0,0,0
"California","Cities","San Diego",1,0,0,0
"California","Cities","San Dimas",0,0,0,0
"California","Cities","San Francisco",1,0,0,0
"California","Cities","San Jose",1,0,0,0
"California","Cities","San Leandro",1,0,0,0
"California","Cities","San Luis Obispo",0,0,0,0
"California","Cities","San Mateo",0,0,0,0
"California","Cities","Santa Ana",0,0,0,0
"California","Cities","Santa Barbara",0,0,0,0
"California","Cities","Santa Clara",0,0,0,0
"California","Cities","Santa Clarita",0,0,0,0
"California","Cities","Santa Cruz",0,0,0,0
"California","Cities","Santa Maria",0,0,0,0
"California","Cities","Santa Rosa",0,0,0,0
"California","Cities","Santee",1,0,0,0
"California","Cities","Saratoga",0,0,0,0
"California","Cities","Simi Valley",1,0,0,0
"California","Cities","Sonora",0,0,0,0
"California","Cities","South Gate",0,0,0,0
"California","Cities","South Lake Tahoe",1,0,0,0
"California","Cities","Stanton",0,0,0,0
"California","Cities","Stockton",0,0,0,0
"California","Cities","Sunnyvale",0,0,0,0
"California","Cities","Taft",0,0,0,0
"California","Cities","Tehachapi",1,0,0,0
"California","Cities","Temecula",0,0,0,0
"California","Cities","Temple City",0,0,0,0
"California","Cities","Thousand Oaks",0,0,0,0
"California","Cities","Torrance",1,0,0,0
"California","Cities","Tracy",1,0,0,0
"California","Cities","Turlock",0,0,0,0
"California","Cities","Union City",4,0,0,0
"California","Cities","Vallejo",1,0,0,0
"California","Cities","Ventura",0,0,0,0
"California","Cities","Vernon",0,0,0,0
"California","Cities","Victorville",0,0,0,0
"California","Cities","Visalia",0,0,0,0
"California","Cities","Vista",0,0,0,0
"California","Cities","Walnut Creek",0,0,0,0
"California","Cities","West Covina",0,0,0,0
"California","Cities","West Hollywood",2,0,0,0
"California","Cities","Westlake Village",0,0,0,0
"California","Cities","Westminster",1,1,0,0
"California","Cities","Yorba Linda",0,0,0,0
"California","Cities","Yuba City",1,0,0,0
"California","Cities","Yucca Valley",0,0,0,0
"California","Universities and Colleges","California State Polytechnic University: Pomona",1,0,0,0
"California","Universities and Colleges","California State Polytechnic University: San Luis Obispo",0,0,0,0
"California","Universities and Colleges","California State University: Dominguez Hills",0,0,0,0
"California","Universities and Colleges","California State University: Long Beach",0,0,0,0
"California","Universities and Colleges","California State University: San Bernardino",0,0,0,0
"California","Universities and Colleges","California State University: San Jose",1,0,0,0
"California","Universities and Colleges","California State University: San Marcos",0,0,0,0
"California","Universities and Colleges","California State University: Stanislaus",0,0,0,0
"California","Universities and Colleges","Humboldt State University",0,0,0,0
"California","Universities and Colleges","Marin Community College",0,0,0,0
"California","Universities and Colleges","University of California: Berkeley",1,0,0,0
"California","Universities and Colleges","University of California: Davis",1,0,0,0
"California","Universities and Colleges","University of California: Riverside",0,0,0,0
"California","Universities and Colleges","University of California: San Diego",0,0,0,0
"California","Universities and Colleges","University of California: Santa Cruz",0,0,0,0
"California","Metropolitan Counties","El Dorado",1,0,0,0
"California","Metropolitan Counties","Kern",3,0,0,0
"California","Metropolitan Counties","Kings",0,0,0,0
"California","Metropolitan Counties","Los Angeles",10,0,0,0
"California","Metropolitan Counties","Orange",1,0,0,0
"California","Metropolitan Counties","Riverside",0,0,0,0
"California","Metropolitan Counties","Sacramento",0,0,0,0
"California","Metropolitan Counties","San Bernardino",2,0,0,1
"California","Metropolitan Counties","San Diego",2,0,0,0
"California","Metropolitan Counties","San Luis Obispo",0,0,0,0
"California","Metropolitan Counties","San Mateo",0,0,0,0
"California","Metropolitan Counties","Santa Barbara",0,0,0,0
"California","Metropolitan Counties","Santa Clara",0,0,0,0
"California","Metropolitan Counties","Santa Cruz",1,0,0,0
"California","Metropolitan Counties","Shasta",0,0,0,0
"California","Metropolitan Counties","Sonoma",0,0,0,0
"California","Metropolitan Counties","Ventura",0,0,0,0
"California","Metropolitan Counties","Yuba",0,0,0,0
"California","Nonmetropolitan Counties","Alpine",0,0,0,0
"California","Nonmetropolitan Counties","Amador",0,0,0,0
"California","Nonmetropolitan Counties","Calaveras",1,0,0,0
"California","Nonmetropolitan Counties","Lake",2,0,0,0
"California","State Police Agencies","""Highway Patrol",0,0,0,0
"California","Other Agencies","""Department of Parks and Recreation",0,0,0,0
"California","Other Agencies","Fontana Unified School District",0,0,0,0
"California","Other Agencies","Los Angeles Transportation Services Bureau",0,0,0,0
"California","Other Agencies","Port of San Diego Harbor",1,0,0,0
"California","Other Agencies","San Francisco Bay Area Rapid Transit: Alameda County",0,0,0,0
"California","Other Agencies","San Francisco Bay Area Rapid Transit: Contra Costa County",0,0,0,0
"California","Other Agencies","San Francisco Bay Area Rapid Transit: San Francisco County",0,0,0,0
"Colorado","Cities","Arvada",0,0,0,0
"Colorado","Cities","Aurora",1,0,0,0
"Colorado","Cities","Castle Rock",2,0,0,0
"Colorado","Cities","Centennial",0,0,0,0
"Colorado","Cities","Colorado Springs",1,0,0,0
"Colorado","Cities","Commerce City",0,0,0,0
"Colorado","Cities","Denver",1,0,0,0
"Colorado","Cities","Dillon",1,0,0,0
"Colorado","Cities","Durango",0,0,0,0
"Colorado","Cities","Englewood",0,1,0,0
"Colorado","Cities","Erie",0,0,0,0
"Colorado","Cities","Fountain",0,0,0,0
"Colorado","Cities","Glendale",0,0,0,0
"Colorado","Cities","Glenwood Springs",0,0,0,0
"Colorado","Cities","Golden",1,0,0,0
"Colorado","Cities","Grand Junction",0,0,0,0
"Colorado","Cities","Greeley",0,0,0,0
"Colorado","Cities","Greenwood Village",0,0,0,0
"Colorado","Cities","Lafayette",1,0,0,0
"Colorado","Cities","Lakewood",1,0,0,0
"Colorado","Cities","Littleton",0,0,0,0
"Colorado","Cities","Lone Tree",0,0,0,0
"Colorado","Cities","Longmont",1,0,0,0
"Colorado","Cities","Loveland",0,0,0,0
"Colorado","Cities","Monument",0,0,0,0
"Colorado","Cities","Pueblo",0,0,0,0
"Colorado","Cities","Rifle",1,0,0,0
"Colorado","Cities","Snowmass Village",0,0,0,0
"Colorado","Cities","Steamboat Springs",1,0,0,0
"Colorado","Cities","Telluride",0,0,0,0
"Colorado","Cities","Thornton",0,0,0,0
"Colorado","Cities","Westminster",0,0,0,0
"Colorado","Universities and Colleges","""Colorado State University",0,0,0,0
"Colorado","Universities and Colleges","""University of Colorado",2,0,0,0
"Colorado","Metropolitan Counties","Adams",1,0,0,0
"Colorado","Metropolitan Counties","Arapahoe",0,0,0,0
"Colorado","Metropolitan Counties","El Paso",0,0,0,0
"Colorado","Metropolitan Counties","Larimer",0,0,0,0
"Colorado","Metropolitan Counties","Mesa",1,0,0,0
"Colorado","Metropolitan Counties","Park",0,0,0,0
"Colorado","Metropolitan Counties","Pueblo",0,0,0,0
"Colorado","Metropolitan Counties","Weld",0,0,0,0
"Colorado","Nonmetropolitan Counties","Cheyenne",1,0,0,0
"Colorado","Nonmetropolitan Counties","Garfield",0,0,0,0
"Colorado","Nonmetropolitan Counties","Logan",0,0,0,0
"Colorado","Nonmetropolitan Counties","Montezuma",0,0,0,0
"Colorado","Nonmetropolitan Counties","Pitkin",0,0,0,0
"Colorado","State Police Agencies","Colorado State Patrol",0,0,0,0
"Connecticut","Cities","Bethel",0,0,0,0
"Connecticut","Cities","Bridgeport",3,0,0,0
"Connecticut","Cities","Canton",0,0,0,0
"Connecticut","Cities","Danbury",1,0,0,0
"Connecticut","Cities","Derby",0,0,0,0
"Connecticut","Cities","East Hampton",0,0,0,0
"Connecticut","Cities","East Hartford",0,0,0,0
"Connecticut","Cities","East Windsor",0,0,0,0
"Connecticut","Cities","Enfield",0,0,0,0
"Connecticut","Cities","Glastonbury",0,0,0,0
"Connecticut","Cities","Groton",0,0,0,0
"Connecticut","Cities","Groton Town",0,1,0,0
"Connecticut","Cities","Guilford",0,0,0,0
"Connecticut","Cities","Hamden",0,0,0,0
"Connecticut","Cities","Hartford",0,0,0,0
"Connecticut","Cities","Manchester",1,0,0,0
"Connecticut","Cities","Meriden",0,0,0,0
"Connecticut","Cities","Middletown",1,0,0,0
"Connecticut","Cities","Milford",0,0,0,0
"Connecticut","Cities","New Britain",0,0,0,0
"Connecticut","Cities","New Haven",1,0,0,0
"Connecticut","Cities","Newington",0,0,0,0
"Connecticut","Cities","New London",0,0,0,0
"Connecticut","Cities","New Milford",1,0,0,0
"Connecticut","Cities","North Branford",1,0,0,0
"Connecticut","Cities","Norwalk",1,0,0,0
"Connecticut","Cities","Norwich",0,0,0,0
"Connecticut","Cities","Old Saybrook",0,0,0,0
"Connecticut","Cities","Plainville",0,0,0,0
"Connecticut","Cities","Plymouth",0,0,0,0
"Connecticut","Cities","Southington",6,0,0,0
"Connecticut","Cities","South Windsor",0,0,0,0
"Connecticut","Cities","Stamford",2,1,0,0
"Connecticut","Cities","Stratford",1,0,0,0
"Connecticut","Cities","Suffield",0,0,0,0
"Connecticut","Cities","Torrington",0,0,0,0
"Connecticut","Cities","Wallingford",2,0,0,0
"Connecticut","Cities","Waterbury",0,0,0,0
"Connecticut","Cities","West Haven",0,0,0,0
"Connecticut","Cities","Willimantic",0,0,0,0
"Connecticut","Cities","Winchester",0,0,0,0
"Connecticut","Cities","Windsor Locks",0,1,0,0
"Connecticut","Cities","Wolcott",0,0,0,0
"Connecticut","Universities and Colleges","Central Connecticut State University",0,0,0,0
"Connecticut","Universities and Colleges","Southern Connecticut State University",0,0,0,0
"Connecticut","Universities and Colleges","""University of Connecticut",3,1,0,1
"Connecticut","Universities and Colleges","Yale University",0,0,0,0
"Connecticut","State Police Agencies","Connecticut State Police",2,0,0,0
"DC","Cities","Washington",3,0,0,12
"DC","Other Agencies","Metro Transit Police",1,0,0,0
"Delaware","Cities","Dover",0,0,0,0
"Delaware","Cities","Milford",0,0,0,0
"Delaware","Cities","Milton",0,0,0,0
"Delaware","Cities","New Castle",0,0,0,0
"Delaware","Cities","Seaford",0,0,0,0
"Delaware","Cities","Smyrna",0,0,0,0
"Delaware","Universities and Colleges","Delaware State University",0,0,0,0
"Delaware","Metropolitan Counties","New Castle County Police Department",0,0,0,0
"Delaware","State Police Agencies","State Police: Kent County",0,0,0,0
"Delaware","State Police Agencies","State Police: New Castle County",0,0,0,0
"Delaware","State Police Agencies","State Police: Sussex County",0,0,0,0
"Florida","Cities","Delray Beach",0,0,0,0
"Florida","Cities","Gainesville",0,0,0,0
"Florida","Cities","Hallandale",0,0,0,0
"Florida","Cities","Homestead",0,0,0,0
"Florida","Cities","Jacksonville",0,0,0,0
"Florida","Cities","Jupiter",0,0,0,0
"Florida","Cities","Lake Alfred",1,0,0,0
"Florida","Cities","Largo",0,0,0,0
"Florida","Cities","Melbourne",0,0,0,0
"Florida","Cities","Miramar",0,0,0,0
"Florida","Cities","North Miami",0,0,0,0
"Florida","Cities","North Miami Beach",0,0,0,0
"Florida","Cities","North Port",0,0,0,0
"Florida","Cities","Orlando",0,0,0,0
"Florida","Cities","Palm Bay",1,0,0,0
"Florida","Cities","Panama City",0,0,0,0
"Florida","Cities","Pembroke Pines",1,0,0,0
"Florida","Cities","Pensacola",0,0,0,0
"Florida","Cities","Pompano Beach",1,0,0,0
"Florida","Cities","Port St. Lucie",0,0,0,0
"Florida","Cities","Sanford",0,0,0,0
"Florida","Cities","St. Petersburg",0,0,0,0
"Florida","Cities","Sunrise",0,0,0,0
"Florida","Cities","Tallahassee",0,0,0,0
"Florida","Cities","Venice",0,0,0,0
"Florida","Cities","Weston",0,0,0,0
"Florida","Metropolitan Counties","Alachua",1,0,0,0
"Florida","Metropolitan Counties","Brevard",0,0,0,0
"Florida","Metropolitan Counties","Charlotte",0,0,0,0
"Florida","Metropolitan Counties","Clay",0,0,0,0
"Florida","Metropolitan Counties","Collier",0,0,0,0
"Florida","Metropolitan Counties","Flagler",0,0,0,0
"Florida","Metropolitan Counties","Hillsborough",1,0,0,0
"Florida","Metropolitan Counties","Lake",0,0,0,0
"Florida","Metropolitan Counties","Manatee",0,0,0,0
"Florida","Metropolitan Counties","Orange",0,0,0,0
"Florida","Metropolitan Counties","Osceola",2,0,0,0
"Florida","Metropolitan Counties","Palm Beach",0,0,0,0
"Florida","Metropolitan Counties","Pasco",0,0,0,0
"Florida","Metropolitan Counties","Santa Rosa",0,0,0,0
"Florida","Metropolitan Counties","Volusia",0,0,0,0
"Georgia","Cities","Atlanta",2,1,0,0
"Georgia","Cities","Conyers",0,0,0,0
"Georgia","Cities","Villa Rica",0,0,0,0
"Georgia","Universities and Colleges","Kennesaw State University",0,0,0,0
"Georgia","Universities and Colleges","University of Georgia",0,0,0,0
"Georgia","Metropolitan Counties","Cobb County Police Department",3,0,0,0
"Georgia","Metropolitan Counties","Henry County Police Department",0,0,0,0
"Idaho","Cities","Boise",0,0,0,0
"Idaho","Cities","Caldwell",0,0,0,0
"Idaho","Cities","Chubbuck",0,0,0,0
"Idaho","Cities","Coeur d'Alene",0,0,0,0
"Idaho","Cities","Hailey",1,0,0,0
"Idaho","Cities","Montpelier",0,0,0,0
"Idaho","Cities","Nampa",1,0,0,0
"Idaho","Cities","Payette",0,0,0,0
"Idaho","Cities","Twin Falls",0,0,0,0
"Idaho","Metropolitan Counties","Ada",1,0,0,0
"Idaho","Nonmetropolitan Counties","Cassia",0,0,0,0
"Idaho","Nonmetropolitan Counties","Shoshone",0,0,0,0
"Illinois","Cities","Aurora",0,0,0,0
"Illinois","Cities","Bartlett",1,0,0,0
"Illinois","Cities","Berwyn",0,0,0,0
"Illinois","Cities","Carol Stream",0,0,0,0
"Illinois","Cities","Champaign",0,0,0,0
"Illinois","Cities","Chester",0,0,0,0
"Illinois","Cities","Chicago",3,0,0,0
"Illinois","Cities","Crystal Lake",0,0,0,0
"Illinois","Cities","De Kalb",0,0,0,0
"Illinois","Cities","Dixon",0,0,0,0
"Illinois","Cities","Harvey",0,0,0,0
"Illinois","Cities","Irving",0,0,0,0
"Illinois","Cities","La Grange",0,0,0,0
"Illinois","Cities","Mokena",0,0,0,0
"Illinois","Cities","Moline",0,0,0,0
"Illinois","Cities","Morton",0,0,0,0
"Illinois","Cities","Normal",0,0,0,0
"Illinois","Cities","Pekin",0,0,0,0
"Illinois","Cities","Peoria",0,0,0,0
"Illinois","Cities","Quincy",0,0,0,0
"Illinois","Cities","Rockford",0,0,0,0
"Illinois","Cities","Roscoe",0,0,0,0
"Illinois","Cities","Skokie",1,0,0,0
"Illinois","Cities","Springfield",0,0,0,0
"Illinois","Cities","St. Charles",1,0,0,0
"Illinois","Cities","Sterling",0,0,0,0
"Illinois","Cities","Urbana",0,0,0,0
"Illinois","Universities and Colleges","""Northwestern University",0,0,0,0
"Illinois","Universities and Colleges","""University of Illinois",0,0,0,0
"Illinois","Metropolitan Counties","Cook",1,0,0,0
"Illinois","Metropolitan Counties","Jackson",0,0,0,0
"Illinois","Metropolitan Counties","Lake",1,0,0,0
"Illinois","Metropolitan Counties","McLean",0,0,0,0
"Illinois","Metropolitan Counties","Peoria",0,0,0,0
"Illinois","Metropolitan Counties","Sangamon",0,0,0,0
"Illinois","Metropolitan Counties","Will",0,0,0,0
"Illinois","Nonmetropolitan Counties","Cumberland",0,0,0,0
"Illinois","Nonmetropolitan Counties","Douglas",0,0,0,0
"Indiana","Cities","Bloomington",0,0,0,0
"Indiana","Cities","Fort Wayne",0,0,0,0
"Indiana","Cities","Franklin",0,0,0,0
"Indiana","Cities","Goshen",0,0,0,0
"Indiana","Cities","Indianapolis",8,0,0,0
"Indiana","Cities","Mishawaka",0,0,0,0
"Indiana","Cities","South Bend",0,0,0,0
"Indiana","Universities and Colleges","Ball State University",0,0,0,0
"Indiana","Universities and Colleges","Purdue University",0,0,0,0
"Indiana","Metropolitan Counties","Elkhart",0,1,0,0
"Indiana","State Police Agencies","State Police: Henry County",0,0,0,0
"Indiana","State Police Agencies","State Police: Knox County",0,0,0,0
"Indiana","State Police Agencies","State Police: Lake County",0,0,0,0
"Indiana","State Police Agencies","State Police: Monroe County",1,0,0,0
"Indiana","State Police Agencies","State Police: Perry County",0,0,0,0
"Iowa","Cities","Altoona",0,0,0,0
"Iowa","Cities","Ames",1,0,0,0
"Iowa","Cities","Grinnell",0,0,0,0
"Iowa","Cities","Indianola",0,0,0,0
"Iowa","Cities","Waterloo",0,0,0,0
"Iowa","Universities and Colleges","Iowa State University",0,0,0,0
"Iowa","Metropolitan Counties","Mills",0,0,0,0
"Iowa","Metropolitan Counties","Scott",0,0,0,0
"Iowa","Nonmetropolitan Counties","Ida",0,0,0,0
"Kansas","Cities","Andover",0,0,0,0
"Kansas","Cities","Arkansas City",0,0,0,0
"Kansas","Cities","Belleville",0,0,0,0
"Kansas","Cities","Cheney",0,0,0,0
"Kansas","Cities","Dodge City",0,0,0,0
"Kansas","Cities","Gardner",0,0,0,0
"Kansas","Cities","Hays",0,0,0,0
"Kansas","Cities","Hutchinson",0,0,0,0
"Kansas","Cities","Iola",0,0,0,0
"Kansas","Cities","Lansing",0,0,0,0
"Kansas","Cities","Larned",0,0,0,0
"Kansas","Cities","Lawrence",2,0,0,0
"Kansas","Cities","Leavenworth",0,0,0,0
"Kansas","Cities","Lenexa",0,0,0,0
"Kansas","Cities","Louisburg",0,0,0,0
"Kansas","Cities","McPherson",0,1,0,0
"Kansas","Cities","Mulvane",0,0,0,0
"Kansas","Cities","Parsons",0,0,0,0
"Kansas","Cities","Pittsburg",0,0,0,0
"Kansas","Cities","Pratt",0,0,0,0
"Kansas","Cities","Protection",0,0,0,0
"Kansas","Cities","Wichita",1,0,0,0
"Kansas","Metropolitan Counties","Douglas",1,0,0,0
"Kansas","Metropolitan Counties","Leavenworth",0,1,0,0
"Kansas","Metropolitan Counties","Riley County Police Department",0,0,0,0
"Kansas","Metropolitan Counties","Shawnee",0,0,0,0
"Kansas","Metropolitan Counties","Wyandotte",1,0,0,0
"Kansas","Nonmetropolitan Counties","Ellis",0,0,0,0
"Kansas","Nonmetropolitan Counties","Greenwood",0,0,0,0
"Kansas","Nonmetropolitan Counties","Marshall",0,0,0,0
"Kentucky","Cities","Ashland",0,0,0,0
"Kentucky","Cities","Bellevue",0,0,0,0
"Kentucky","Cities","Berea",0,0,0,0
"Kentucky","Cities","Bowling Green",2,0,0,0
"Kentucky","Cities","Burkesville",0,0,0,0
"Kentucky","Cities","Cadiz",0,0,0,0
"Kentucky","Cities","Carlisle",0,0,0,0
"Kentucky","Cities","Carrollton",0,0,0,0
"Kentucky","Cities","Corbin",0,0,0,0
"Kentucky","Cities","Covington",3,0,0,0
"Kentucky","Cities","Cynthiana",0,0,0,0
"Kentucky","Cities","Danville",0,0,0,0
"Kentucky","Cities","Elizabethtown",0,0,0,0
"Kentucky","Cities","Elkton",0,0,0,0
"Kentucky","Cities","Elsmere",0,0,0,0
"Kentucky","Cities","Flatwoods",0,0,0,0
"Kentucky","Cities","Florence",0,2,0,0
"Kentucky","Cities","Frankfort",1,0,0,0
"Kentucky","Cities","Georgetown",0,0,0,0
"Kentucky","Cities","Harrodsburg",0,0,0,0
"Kentucky","Cities","Hazard",0,0,0,0
"Kentucky","Cities","Henderson",0,0,0,0
"Kentucky","Cities","Hillview",0,0,0,0
"Kentucky","Cities","Hopkinsville",0,0,0,0
"Kentucky","Cities","Leitchfield",0,0,0,0
"Kentucky","Cities","Lexington",4,1,0,0
"Kentucky","Cities","Louisville Metro",0,0,0,0
"Kentucky","Cities","Ludlow",0,1,0,0
"Kentucky","Cities","Madisonville",0,0,0,0
"Kentucky","Cities","Morehead",0,0,0,0
"Kentucky","Cities","Mount Washington",0,0,0,0
"Kentucky","Cities","Murray",0,0,0,0
"Kentucky","Cities","Newport",0,0,0,0
"Kentucky","Cities","Oak Grove",0,0,0,0
"Kentucky","Cities","Owensboro",1,0,0,0
"Kentucky","Cities","Paducah",0,0,0,0
"Kentucky","Cities","Paris",0,0,0,0
"Kentucky","Cities","Radcliff",0,0,0,0
"Kentucky","Cities","Ravenna",0,0,0,0
"Kentucky","Cities","Richmond",0,0,0,0
"Kentucky","Cities","Russellville",0,0,0,0
"Kentucky","Cities","Shelbyville",0,0,0,0
"Kentucky","Cities","Shepherdsville",0,0,0,0
"Kentucky","Cities","Shively",1,0,0,0
"Kentucky","Cities","St. Matthews",0,0,0,0
"Kentucky","Cities","Vine Grove",0,0,0,0
"Kentucky","Cities","Williamsburg",0,0,0,0
"Kentucky","Cities","Winchester",0,0,0,0
"Kentucky","Universities and Colleges","Morehead State University",0,0,0,0
"Kentucky","Universities and Colleges","University of Louisville",0,0,0,0
"Kentucky","Metropolitan Counties","Boone",1,0,0,0
"Kentucky","Metropolitan Counties","Bullitt",0,0,0,0
"Kentucky","Metropolitan Counties","Christian",0,1,0,0
"Kentucky","Metropolitan Counties","Daviess",0,0,0,0
"Kentucky","Metropolitan Counties","Hardin",0,0,0,0
"Kentucky","Metropolitan Counties","Meade",0,1,0,0
"Kentucky","Metropolitan Counties","Shelby",0,0,0,0
"Kentucky","Metropolitan Counties","Trigg",0,0,0,0
"Kentucky","Nonmetropolitan Counties","Calloway",0,0,0,0
"Kentucky","Nonmetropolitan Counties","Clay",0,0,0,0
"Kentucky","Nonmetropolitan Counties","Hopkins",0,0,0,0
"Kentucky","Nonmetropolitan Counties","Knott",1,0,0,0
"Kentucky","Nonmetropolitan Counties","Knox",0,0,0,0
"Kentucky","Nonmetropolitan Counties","Lyon",0,0,0,0
"Kentucky","Nonmetropolitan Counties","Marshall",0,0,0,0
"Kentucky","Nonmetropolitan Counties","Nelson",0,0,0,0
"Kentucky","Nonmetropolitan Counties","Ohio",0,1,0,0
"Kentucky","Nonmetropolitan Counties","Perry",0,0,0,0
"Kentucky","State Police Agencies","State Police: Campbellsburg",0,0,0,0
"Kentucky","State Police Agencies","State Police: Dry Ridge",0,0,0,0
"Kentucky","State Police Agencies","State Police: Frankfort",0,0,0,0
"Kentucky","State Police Agencies","State Police: Henderson",0,0,0,0
"Kentucky","State Police Agencies","State Police: Madisonville",0,0,0,0
"Kentucky","State Police Agencies","State Police: Morehead",0,0,0,0
"Kentucky","State Police Agencies","State Police: Pikeville",0,0,0,0
"Kentucky","State Police Agencies","State Police: Richmond",0,0,0,0
"Kentucky","Other Agencies","Montgomery County School District",1,0,0,0
"Louisiana","Cities","New Orleans",1,0,0,0
"Louisiana","Universities and Colleges","University of New Orleans",0,0,0,0
"Louisiana","Metropolitan Counties","Ascension",0,0,0,0
"Louisiana","Metropolitan Counties","Calcasieu",0,0,0,0
"Louisiana","Metropolitan Counties","Iberia",0,0,0,0
"Louisiana","Metropolitan Counties","Jefferson",0,0,0,0
"Maine","Cities","Auburn",0,0,0,0
"Maine","Cities","Belfast",0,0,0,0
"Maine","Cities","Cape Elizabeth",0,0,0,0
"Maine","Cities","Ellsworth",0,0,0,0
"Maine","Cities","Lewiston",0,0,0,0
"Maine","Cities","Machias3",0,0,0,0
"Maine","Cities","Mexico",0,0,0,0
"Maine","Cities","Old Orchard Beach",0,0,0,0
"Maine","Cities","Portland",0,0,0,0
"Maine","Cities","Scarborough",0,0,0,0
"Maine","Cities","Searsport",0,0,0,0
"Maine","Cities","Skowhegan",0,0,0,0
"Maine","Cities","South Portland",0,0,0,0
"Maine","Cities","Wiscasset",0,0,0,0
"Maine","Metropolitan Counties","Sagadahoc",0,0,0,0
"Maine","Nonmetropolitan Counties","Waldo",0,0,0,0
"Maine","State Police Agencies","""State Police",0,0,0,0
"Maryland","Cities","Aberdeen",0,0,0,0
"Maryland","Cities","Annapolis",0,0,0,0
"Maryland","Cities","Baltimore",1,0,0,0
"Maryland","Cities","Bel Air",0,0,0,0
"Maryland","Cities","Frederick",0,0,0,0
"Maryland","Cities","Greenbelt",0,0,0,0
"Maryland","Universities and Colleges","St. Mary's College",0,0,0,0
"Maryland","Universities and Colleges","Towson University",0,0,0,0
"Maryland","Metropolitan Counties","Baltimore County Police Department",0,0,0,0
"Maryland","Metropolitan Counties","Carroll",0,0,0,0
"Maryland","Metropolitan Counties","Charles",0,0,0,0
"Maryland","Metropolitan Counties","Frederick",0,0,0,0
"Maryland","Metropolitan Counties","Harford",0,0,0,0
"Maryland","Metropolitan Counties","Howard County Police Department",1,0,0,0
"Maryland","Metropolitan Counties","Montgomery County Police Department",1,0,0,0
"Maryland","Metropolitan Counties","Prince George's County Police Department",0,0,0,0
"Maryland","Nonmetropolitan Counties","Garrett",0,0,0,0
"Maryland","State Police Agencies","State Police: Frederick County",0,0,0,0
"Maryland","State Police Agencies","State Police: Queen Anne's County",0,0,0,0
"Maryland","Other Agencies","State Fire Marshal",0,0,0,0
"Massachusetts","Cities","Acton",0,0,0,0
"Massachusetts","Cities","Amesbury",0,0,0,0
"Massachusetts","Cities","Amherst",0,0,0,0
"Massachusetts","Cities","Attleboro",1,0,0,0
"Massachusetts","Cities","Bedford",0,0,0,0
"Massachusetts","Cities","Belmont",1,0,0,0
"Massachusetts","Cities","Beverly",0,0,0,0
"Massachusetts","Cities","Billerica",0,0,0,0
"Massachusetts","Cities","Bolton",0,0,0,0
"Massachusetts","Cities","Boston",15,0,0,3
"Massachusetts","Cities","Braintree",0,0,0,0
"Massachusetts","Cities","Brookline",0,0,0,0
"Massachusetts","Cities","Cambridge",3,0,0,0
"Massachusetts","Cities","Chelsea",0,0,0,0
"Massachusetts","Cities","Danvers",0,0,0,0
"Massachusetts","Cities","Douglas",0,0,0,0
"Massachusetts","Cities","Dover",0,0,0,0
"Massachusetts","Cities","Dracut",0,0,0,0
"Massachusetts","Cities","East Longmeadow",0,0,0,0
"Massachusetts","Cities","Edgartown",0,0,0,0
"Massachusetts","Cities","Fall River",0,0,0,0
"Massachusetts","Cities","Framingham",0,0,0,0
"Massachusetts","Cities","Greenfield",0,0,0,0
"Massachusetts","Cities","Haverhill",2,0,0,0
"Massachusetts","Cities","Kingston",0,0,0,0
"Massachusetts","Cities","Lakeville",0,0,0,0
"Massachusetts","Cities","Lincoln",0,0,0,0
"Massachusetts","Cities","Lowell",1,0,0,0
"Massachusetts","Cities","Lunenburg",0,0,0,0
"Massachusetts","Cities","Lynn",4,2,0,0
"Massachusetts","Cities","Malden",0,0,0,0
"Massachusetts","Cities","Marblehead",0,0,0,0
"Massachusetts","Cities","Marlborough",1,0,0,0
"Massachusetts","Cities","Medford",1,1,0,0
"Massachusetts","Cities","Middleboro",0,0,0,0
"Massachusetts","Cities","Milton",0,0,0,0
"Massachusetts","Cities","Monson",0,0,0,0
"Massachusetts","Cities","Needham",0,0,0,0
"Massachusetts","Cities","New Bedford",1,0,0,0
"Massachusetts","Cities","Newburyport",0,0,0,0
"Massachusetts","Cities","Norton",0,0,0,0
"Massachusetts","Cities","Peabody",2,0,0,0
"Massachusetts","Cities","Pittsfield",0,0,0,0
"Massachusetts","Cities","Plainville",0,0,0,0
"Massachusetts","Cities","Plymouth",0,0,0,0
"Massachusetts","Cities","Provincetown",0,0,0,0
"Massachusetts","Cities","Quincy",4,0,0,0
"Massachusetts","Cities","Randolph",0,0,0,0
"Massachusetts","Cities","Reading",0,0,0,0
"Massachusetts","Cities","Revere",1,0,0,0
"Massachusetts","Cities","Salem",0,0,0,0
"Massachusetts","Cities","Saugus",0,0,0,0
"Massachusetts","Cities","Sharon",0,0,0,0
"Massachusetts","Cities","Shrewsbury",0,0,0,0
"Massachusetts","Cities","Somerville",1,0,0,0
"Massachusetts","Cities","South Hadley",0,0,0,0
"Massachusetts","Cities","Spencer",0,0,0,0
"Massachusetts","Cities","Springfield",1,0,0,0
"Massachusetts","Cities","Stoughton",0,0,0,0
"Massachusetts","Cities","Swampscott",0,0,0,0
"Massachusetts","Cities","Taunton",0,0,0,0
"Massachusetts","Cities","Waltham",0,0,0,0
"Massachusetts","Cities","Watertown",1,0,0,0
"Massachusetts","Cities","Westborough",0,0,0,0
"Massachusetts","Cities","West Boylston",0,0,0,0
"Massachusetts","Cities","West Springfield",0,0,0,0
"Massachusetts","Cities","Williamstown",0,0,0,0
"Massachusetts","Cities","Worcester",0,0,0,0
"Massachusetts","Universities and Colleges","Boston College",0,0,0,0
"Massachusetts","Universities and Colleges","Boston University",1,0,0,0
"Massachusetts","Universities and Colleges","Bridgewater State University",0,0,0,0
"Massachusetts","Universities and Colleges","Dean College",0,0,0,0
"Massachusetts","Universities and Colleges","Emerson College",0,0,0,0
"Massachusetts","Universities and Colleges","Massachusetts College of Liberal Arts",0,0,0,0
"Massachusetts","Universities and Colleges","Northeastern University",0,0,1,0
"Massachusetts","Universities and Colleges","""Tufts University",1,0,0,0
"Massachusetts","Universities and Colleges","University of Massachusetts: Amherst",1,0,0,0
"Massachusetts","Universities and Colleges","""University of Massachusetts: Harbor Campus",0,0,0,0
"Michigan","Cities","Adrian",0,0,0,0
"Michigan","Cities","Albion",0,0,0,0
"Michigan","Cities","Alpena",0,0,0,0
"Michigan","Cities","Ann Arbor",0,0,0,0
"Michigan","Cities","Bangor",0,0,1,0
"Michigan","Cities","Bath Township",0,0,0,0
"Michigan","Cities","Battle Creek",0,0,0,0
"Michigan","Cities","Benton Harbor",0,0,0,0
"Michigan","Cities","Benton Township",0,0,0,0
"Michigan","Cities","Birmingham",0,0,0,0
"Michigan","Cities","Blackman Township",0,0,0,0
"Michigan","Cities","Bloomfield Township",0,0,0,0
"Michigan","Cities","Brownstown Township",0,0,0,0
"Michigan","Cities","Buchanan",0,0,0,0
"Michigan","Cities","Buena Vista Township",0,0,0,0
"Michigan","Cities","Burton",0,0,0,0
"Michigan","Cities","Canton Township",0,0,0,0
"Michigan","Cities","Charlotte",0,0,0,0
"Michigan","Cities","Chesterfield Township",1,0,0,0
"Michigan","Cities","Chocolay Township",0,0,0,0
"Michigan","Cities","Clare",0,0,0,0
"Michigan","Cities","Clinton Township",0,0,0,0
"Michigan","Cities","Coldwater",0,0,0,0
"Michigan","Cities","Dearborn",3,0,0,0
"Michigan","Cities","Detroit",0,0,0,0
"Michigan","Cities","East Grand Rapids",0,0,0,0
"Michigan","Cities","Eastpointe",1,0,0,0
"Michigan","Cities","Elk Rapids",0,0,0,0
"Michigan","Cities","Escanaba",0,0,0,0
"Michigan","Cities","Essexville",0,0,0,0
"Michigan","Cities","Farmington",0,0,0,0
"Michigan","Cities","Ferndale",0,0,0,0
"Michigan","Cities","Flint Township",0,0,0,0
"Michigan","Cities","Flushing",0,0,0,0
"Michigan","Cities","Forsyth Township",0,0,0,0
"Michigan","Cities","Franklin",0,0,0,0
"Michigan","Cities","Fraser",0,0,0,0
"Michigan","Cities","Fruitport",0,0,0,0
"Michigan","Cities","Garden City",0,0,0,0
"Michigan","Cities","Gerrish Township",0,0,0,0
"Michigan","Cities","Grand Blanc Township",0,0,0,0
"Michigan","Cities","Grand Rapids",0,0,0,0
"Michigan","Cities","Grandville",1,1,0,0
"Michigan","Cities","Grayling",0,0,0,0
"Michigan","Cities","Grosse Pointe Park",0,0,0,0
"Michigan","Cities","Grosse Pointe Woods",1,0,0,0
"Michigan","Cities","Hamtramck",0,0,0,0
"Michigan","Cities","Harper Woods",0,0,0,0
"Michigan","Cities","Hartford",0,0,0,0
"Michigan","Cities","Hazel Park",0,0,0,0
"Michigan","Cities","Highland Park",0,0,0,0
"Michigan","Cities","Holland",1,0,0,0
"Michigan","Cities","Huntington Woods",0,0,0,0
"Michigan","Cities","Inkster",0,0,0,0
"Michigan","Cities","Jackson",0,0,0,0
"Michigan","Cities","Jonesville",0,0,0,0
"Michigan","Cities","Kalamazoo",0,0,0,0
"Michigan","Cities","Kentwood",0,0,0,0
"Michigan","Cities","Lake Orion",0,0,0,0
"Michigan","Cities","Lansing",1,0,0,0
"Michigan","Cities","Lincoln Township",0,0,0,0
"Michigan","Cities","Livonia",0,0,0,0
"Michigan","Cities","Mackinac Island",0,0,0,0
"Michigan","Cities","Madison Heights",0,0,0,0
"Michigan","Cities","Madison Township",0,0,0,0
"Michigan","Cities","Marshall",0,0,0,0
"Michigan","Cities","Meridian Township",0,0,0,0
"Michigan","Cities","Midland",0,0,0,0
"Michigan","Cities","Milan",0,0,0,0
"Michigan","Cities","Milford",0,0,0,0
"Michigan","Cities","Monroe",0,0,0,0
"Michigan","Cities","Mount Morris Township",0,0,0,0
"Michigan","Cities","Mount Pleasant",0,1,0,0
"Michigan","Cities","Muskegon",0,0,0,0
"Michigan","Cities","Muskegon Heights",0,0,0,0
"Michigan","Cities","Newaygo",0,0,0,0
"Michigan","Cities","Northfield Township",0,0,0,0
"Michigan","Cities","Northville Township",0,0,0,0
"Michigan","Cities","Norton Shores",0,0,0,0
"Michigan","Cities","Novi",0,0,0,0
"Michigan","Cities","Ontwa Township-Edwardsburg",0,0,0,0
"Michigan","Cities","Owosso",0,0,0,0
"Michigan","Cities","Pittsfield Township",0,0,0,0
"Michigan","Cities","Portage",0,0,0,0
"Michigan","Cities","Port Huron",0,0,0,0
"Michigan","Cities","Romeo",0,0,0,0
"Michigan","Cities","Roseville",0,0,0,0
"Michigan","Cities","Royal Oak",0,0,0,0
"Michigan","Cities","Saginaw",0,0,0,0
"Michigan","Cities","Saginaw Township",0,0,0,0
"Michigan","Cities","Saline",0,0,0,0
"Michigan","Cities","Sault Ste. Marie",0,0,0,0
"Michigan","Cities","Shelby Township",0,0,0,0
"Michigan","Cities","Southfield",0,0,0,0
"Michigan","Cities","Sparta",0,0,0,0
"Michigan","Cities","St. Joseph",0,0,0,0
"Michigan","Cities","Sumpter Township",0,0,0,0
"Michigan","Cities","Taylor",0,0,0,0
"Michigan","Cities","Three Rivers",0,0,0,0
"Michigan","Cities","Traverse City",0,0,0,0
"Michigan","Cities","Trenton",0,0,0,0
"Michigan","Cities","Troy",0,0,0,0
"Michigan","Cities","Utica",0,0,0,0
"Michigan","Cities","Van Buren Township",0,0,0,0
"Michigan","Cities","Warren",0,0,1,0
"Michigan","Cities","Waterford Township",0,0,0,0
"Michigan","Cities","Wayland",0,1,0,0
"Michigan","Cities","Wayne",0,0,0,0
"Michigan","Cities","West Bloomfield Township",2,0,0,0
"Michigan","Cities","Westland",1,0,0,0
"Michigan","Cities","White Lake Township",0,0,0,0
"Michigan","Cities","Woodhaven",0,0,0,0
"Michigan","Cities","Wyoming",0,0,0,0
"Michigan","Universities and Colleges","Eastern Michigan University",0,0,0,0
"Michigan","Universities and Colleges","Michigan State University",0,0,1,0
"Michigan","Universities and Colleges","Oakland University3",1,1,0,0
"Michigan","Universities and Colleges","Saginaw Valley State University",0,0,0,0
"Michigan","Universities and Colleges","""University of Michigan",1,0,0,0
"Michigan","Universities and Colleges","Western Michigan University",0,0,0,0
"Michigan","Metropolitan Counties","Eaton",0,0,0,0
"Michigan","Metropolitan Counties","Ingham",0,0,0,0
"Michigan","Metropolitan Counties","Jackson",0,0,0,0
"Michigan","Metropolitan Counties","Kent",0,0,0,0
"Michigan","Metropolitan Counties","Livingston",0,0,0,0
"Michigan","Metropolitan Counties","Macomb",1,0,0,0
"Michigan","Metropolitan Counties","Monroe",0,0,0,0
"Michigan","Metropolitan Counties","Oakland",3,0,0,0
"Michigan","Metropolitan Counties","Ottawa",0,0,0,0
"Michigan","Metropolitan Counties","Van Buren",0,0,0,0
"Michigan","Metropolitan Counties","Washtenaw",0,0,0,0
"Michigan","Nonmetropolitan Counties","Missaukee",1,0,0,0
"Michigan","Nonmetropolitan Counties","Ogemaw",0,0,0,0
"Michigan","Nonmetropolitan Counties","Otsego",0,0,0,0
"Michigan","Nonmetropolitan Counties","Tuscola",0,0,0,0
"Michigan","State Police Agencies","State Police: Cass County",0,0,0,0
"Michigan","State Police Agencies","State Police: Genesee County",0,0,0,0
"Michigan","State Police Agencies","State Police: Jackson County",0,0,0,0
"Michigan","State Police Agencies","State Police: Oakland County",0,0,0,0
"Michigan","State Police Agencies","State Police: Van Buren County",0,0,0,0
"Michigan","Other Agencies","Gerald R. Ford International Airport",0,0,0,0
"Michigan","Other Agencies","""State Police: Huron-Clinton Metropolitan Authority",0,0,0,0
"Minnesota","Cities","Bemidji",0,0,0,0
"Minnesota","Cities","Blaine",0,0,0,0
"Minnesota","Cities","Brooklyn Park",0,0,0,0
"Minnesota","Cities","Chaska",0,0,0,0
"Minnesota","Cities","Columbia Heights",1,0,0,0
"Minnesota","Cities","Crosby",0,0,0,0
"Minnesota","Cities","Duluth",0,0,0,0
"Minnesota","Cities","Eagan",0,0,0,0
"Minnesota","Cities","Eden Prairie",0,0,0,0
"Minnesota","Cities","Elk River",0,0,0,0
"Minnesota","Cities","Faribault",0,0,0,0
"Minnesota","Cities","Inver Grove Heights",0,0,0,0
"Minnesota","Cities","Lino Lakes",0,0,0,0
"Minnesota","Cities","Mankato",0,0,0,0
"Minnesota","Cities","Maple Grove",0,0,0,0
"Minnesota","Cities","Marshall",1,0,0,0
"Minnesota","Cities","Mendota Heights",0,0,0,0
"Minnesota","Cities","Minneapolis",3,1,0,0
"Minnesota","Cities","Moorhead",0,0,0,0
"Minnesota","Cities","Plymouth",0,0,0,0
"Minnesota","Cities","Rochester",2,0,0,0
"Minnesota","Cities","Roseville",0,0,0,0
"Minnesota","Cities","Savage",0,0,0,0
"Minnesota","Cities","Shakopee",0,0,0,0
"Minnesota","Cities","Shoreview",0,0,0,0
"Minnesota","Cities","Spring Lake Park",1,0,0,0
"Minnesota","Cities","St. Anthony",0,0,0,0
"Minnesota","Cities","St. Cloud",2,0,0,0
"Minnesota","Cities","St. Louis Park",0,0,0,0
"Minnesota","Cities","St. Paul",0,0,0,0
"Minnesota","Cities","Wadena",0,0,0,0
"Minnesota","Cities","Waite Park",1,0,0,0
"Minnesota","Cities","West St. Paul",0,0,0,0
"Minnesota","Cities","Woodbury",0,0,0,0
"Minnesota","Universities and Colleges","""University of Minnesota",0,0,0,0
"Minnesota","Metropolitan Counties","Hennepin",0,0,0,0
"Minnesota","Metropolitan Counties","Mille Lacs",0,0,0,0
"Minnesota","Nonmetropolitan Counties","Mahnomen",0,0,0,0
"Minnesota","Nonmetropolitan Counties","Rice",0,0,0,0
"Mississippi","Cities","Biloxi",0,0,0,0
"Mississippi","Cities","Gulfport",2,0,0,0
"Missouri","Cities","Branson",1,0,0,0
"Missouri","Cities","Clayton",0,0,0,0
"Missouri","Cities","Grandview",0,0,0,0
"Missouri","Cities","Independence",0,0,0,0
"Missouri","Cities","Joplin",0,0,0,0
"Missouri","Cities","Kansas City",5,1,4,2
"Missouri","Cities","Raytown",0,0,0,0
"Missouri","Cities","Springfield",0,0,0,0
"Missouri","Cities","St. Charles",0,0,0,0
"Missouri","Cities","St. Joseph",0,0,0,0
"Missouri","Cities","St. Louis",0,0,0,0
"Missouri","Cities","University City",0,0,0,0
"Missouri","Universities and Colleges","""University of Missouri",0,0,0,0
"Missouri","Metropolitan Counties","De Kalb",0,0,0,0
"Missouri","Metropolitan Counties","Jefferson",0,0,0,0
"Missouri","Metropolitan Counties","St. Charles",0,0,0,0
"Missouri","Metropolitan Counties","St. Louis County Police Department",0,0,0,0
"Missouri","Nonmetropolitan Counties","Carroll",0,0,0,0
"Missouri","Nonmetropolitan Counties","Henry",0,0,0,0
"Missouri","Nonmetropolitan Counties","Laclede",0,0,0,0
"Montana","Cities","Billings",0,0,0,0
"Montana","Cities","Columbia Falls",0,0,0,0
"Montana","Cities","Great Falls",0,0,0,0
"Montana","Cities","Hamilton",0,0,0,0
"Montana","Cities","Helena",0,0,0,0
"Montana","Cities","Kalispell",0,0,0,0
"Montana","Cities","Missoula",0,0,0,0
"Montana","Universities and Colleges","Montana State University",0,0,0,0
"Montana","Metropolitan Counties","Cascade",1,0,0,0
"Montana","Metropolitan Counties","Missoula",0,0,0,0
"Montana","Nonmetropolitan Counties","Park",0,0,0,0
"Montana","Nonmetropolitan Counties","Silver Bow",0,0,0,0
"Nebraska","Cities","Columbus",0,0,0,0
"Nebraska","Cities","Cozad",1,0,0,0
"Nebraska","Cities","Grand Island",2,0,0,0
"Nebraska","Cities","Kearney",0,0,0,0
"Nebraska","Cities","Lexington",0,0,0,0
"Nebraska","Cities","Lincoln",1,0,0,0
"Nebraska","Cities","Omaha",1,0,0,0
"Nebraska","Cities","Sidney",0,0,0,0
"Nebraska","Metropolitan Counties","Lancaster",1,0,0,0
"Nebraska","Nonmetropolitan Counties","Dawson",0,0,0,0
"Nevada","Cities","Carlin",0,0,0,0
"Nevada","Cities","Henderson",0,0,0,0
"Nevada","Cities","Las Vegas Metropolitan Police Department",6,0,0,0
"Nevada","Cities","North Las Vegas",1,0,0,0
"Nevada","Cities","Reno",0,0,0,0
"New_Hampshire","Cities","Ashland",0,0,0,0
"New_Hampshire","Cities","Bedford",0,0,0,0
"New_Hampshire","Cities","Concord",0,0,0,0
"New_Hampshire","Cities","Conway",0,0,0,0
"New_Hampshire","Cities","Farmington",0,0,0,0
"New_Hampshire","Cities","Hampton",0,0,0,0
"New_Hampshire","Cities","Hampton Falls",1,0,0,0
"New_Hampshire","Cities","Hanover",0,0,0,0
"New_Hampshire","Cities","Keene",0,0,0,0
"New_Hampshire","Cities","Londonderry",0,0,0,0
"New_Hampshire","Cities","Manchester",0,0,0,0
"New_Hampshire","Cities","Newbury",0,0,0,0
"New_Hampshire","Cities","Pelham",0,0,0,0
"New_Hampshire","Cities","Plaistow",0,0,0,0
"New_Hampshire","Cities","Windham",0,0,0,0
"New_Hampshire","Universities and Colleges","University of New Hampshire",0,0,0,0
"New_Jersey","Cities","Aberdeen Township",0,0,0,0
"New_Jersey","Cities","Allenhurst",0,0,0,0
"New_Jersey","Cities","Asbury Park",0,0,0,0
"New_Jersey","Cities","Bedminster Township",0,0,0,0
"New_Jersey","Cities","Belleville",0,0,0,0
"New_Jersey","Cities","Brick Township",1,0,0,0
"New_Jersey","Cities","Burlington",0,1,0,0
"New_Jersey","Cities","Burlington Township",0,0,0,0
"New_Jersey","Cities","Caldwell",0,0,0,0
"New_Jersey","Cities","Cinnaminson Township",0,0,0,0
"New_Jersey","Cities","Clark Township",0,0,0,0
"New_Jersey","Cities","Closter",0,0,0,0
"New_Jersey","Cities","Colts Neck Township",0,0,0,0
"New_Jersey","Cities","Cranford Township",0,0,0,0
"New_Jersey","Cities","Delran Township",0,0,0,0
"New_Jersey","Cities","Eastampton Township",1,0,0,0
"New_Jersey","Cities","East Brunswick Township",1,0,0,0
"New_Jersey","Cities","East Hanover Township",0,0,0,0
"New_Jersey","Cities","East Orange",0,0,0,0
"New_Jersey","Cities","East Windsor Township",0,0,0,0
"New_Jersey","Cities","Egg Harbor Township",1,0,0,0
"New_Jersey","Cities","Elmwood Park",0,1,0,0
"New_Jersey","Cities","Evesham Township",0,0,0,0
"New_Jersey","Cities","Ewing Township",0,0,0,0
"New_Jersey","Cities","Fairview",1,0,0,0
"New_Jersey","Cities","Fanwood",0,0,0,0
"New_Jersey","Cities","Fort Lee",0,0,0,0
"New_Jersey","Cities","Franklin Lakes",1,0,0,0
"New_Jersey","Cities","""Franklin Township",0,0,0,0
"New_Jersey","Cities","Freehold Township",0,0,0,0
"New_Jersey","Cities","Galloway Township",0,0,0,0
"New_Jersey","Cities","Glassboro",2,0,0,0
"New_Jersey","Cities","Glen Ridge",0,0,0,0
"New_Jersey","Cities","Gloucester Township",0,0,0,0
"New_Jersey","Cities","Green Brook Township",0,0,0,0
"New_Jersey","Cities","""Greenwich Township",0,0,0,0
"New_Jersey","Cities","Haddonfield",0,0,0,0
"New_Jersey","Cities","Haddon Township",1,0,0,0
"New_Jersey","Cities","Hardyston Township",0,0,0,0
"New_Jersey","Cities","Harrison",0,0,0,0
"New_Jersey","Cities","Harrison Township",0,0,0,0
"New_Jersey","Cities","Highland Park",0,0,0,0
"New_Jersey","Cities","Hightstown",1,0,0,0
"New_Jersey","Cities","Hillsborough Township",0,0,0,0
"New_Jersey","Cities","Hoboken",0,0,0,0
"New_Jersey","Cities","Holmdel Township",0,0,0,0
"New_Jersey","Cities","Howell Township",3,0,0,0
"New_Jersey","Cities","Irvington",0,0,0,0
"New_Jersey","Cities","Jackson Township",0,0,0,0
"New_Jersey","Cities","Jersey City",1,0,0,0
"New_Jersey","Cities","Keansburg",0,0,0,0
"New_Jersey","Cities","Lacey Township",2,1,0,0
"New_Jersey","Cities","Lakewood Township",3,0,0,0
"New_Jersey","Cities","""Lawrence Township",0,1,0,0
"New_Jersey","Cities","Little Egg Harbor Township",2,0,0,0
"New_Jersey","Cities","Little Falls Township",0,0,0,0
"New_Jersey","Cities","Livingston Township",0,0,0,0
"New_Jersey","Cities","Logan Township",0,0,0,0
"New_Jersey","Cities","Long Beach Township",0,0,0,0
"New_Jersey","Cities","Lower Township",0,0,0,0
"New_Jersey","Cities","Lumberton Township",0,0,0,0
"New_Jersey","Cities","Mahwah Township",0,0,0,0
"New_Jersey","Cities","Manalapan Township",2,0,0,0
"New_Jersey","Cities","Manasquan",0,0,0,0
"New_Jersey","Cities","Manchester Township",0,0,0,0
"New_Jersey","Cities","Maple Shade Township",0,0,0,0
"New_Jersey","Cities","Margate City",0,0,0,0
"New_Jersey","Cities","Marlboro Township",0,0,0,0
"New_Jersey","Cities","Medford Lakes",0,0,0,0
"New_Jersey","Cities","Medford Township",0,0,0,0
"New_Jersey","Cities","Mendham",0,0,0,0
"New_Jersey","Cities","Middlesex",0,0,0,0
"New_Jersey","Cities","Middletown Township",0,0,0,0
"New_Jersey","Cities","""Monroe Township",1,1,0,0
"New_Jersey","Cities","Montclair",0,0,0,0
"New_Jersey","Cities","Montgomery Township",0,0,0,0
"New_Jersey","Cities","Moorestown Township",0,0,0,0
"New_Jersey","Cities","Morris Township",0,0,0,0
"New_Jersey","Cities","Mount Laurel Township",1,0,0,0
"New_Jersey","Cities","Mount Olive Township",2,0,0,0
"New_Jersey","Cities","Neptune Township",1,0,0,0
"New_Jersey","Cities","Newark",0,0,0,0
"New_Jersey","Cities","New Brunswick",0,0,0,0
"New_Jersey","Cities","New Providence",0,0,0,0
"New_Jersey","Cities","North Brunswick Township",2,0,0,0
"New_Jersey","Cities","Nutley Township",0,0,0,0
"New_Jersey","Cities","Oakland",0,0,0,0
"New_Jersey","Cities","Oceanport",0,0,0,0
"New_Jersey","Cities","Old Bridge Township",0,0,0,0
"New_Jersey","Cities","Palmyra",0,0,0,0
"New_Jersey","Cities","Paramus",1,0,0,0
"New_Jersey","Cities","Parsippany-Troy Hills Township",0,0,0,0
"New_Jersey","Cities","Passaic",1,0,0,0
"New_Jersey","Cities","Paulsboro",0,0,0,0
"New_Jersey","Cities","Pemberton Township",0,0,0,0
"New_Jersey","Cities","Pennsauken Township",0,0,0,0
"New_Jersey","Cities","Pequannock Township",0,0,0,0
"New_Jersey","Cities","Phillipsburg",1,0,0,0
"New_Jersey","Cities","Pine Hill",0,0,0,0
"New_Jersey","Cities","Piscataway Township",0,0,0,0
"New_Jersey","Cities","Pitman",0,0,0,0
"New_Jersey","Cities","Plainsboro Township",0,1,0,0
"New_Jersey","Cities","Point Pleasant",1,0,0,0
"New_Jersey","Cities","Randolph Township",0,0,0,0
"New_Jersey","Cities","Raritan",0,0,0,0
"New_Jersey","Cities","Readington Township",0,0,0,0
"New_Jersey","Cities","Robbinsville Township",0,0,0,0
"New_Jersey","Cities","Runnemede",0,0,0,0
"New_Jersey","Cities","Salem",0,0,0,0
"New_Jersey","Cities","Secaucus",0,0,0,0
"New_Jersey","Cities","Shrewsbury",0,0,0,0
"New_Jersey","Cities","Somerville",0,0,0,0
"New_Jersey","Cities","South Brunswick Township",0,0,0,0
"New_Jersey","Cities","South Orange",0,0,0,0
"New_Jersey","Cities","South Plainfield",1,0,0,0
"New_Jersey","Cities","Spotswood",0,0,0,0
"New_Jersey","Cities","Toms River Township",0,0,0,0
"New_Jersey","Cities","Totowa",0,0,0,0
"New_Jersey","Cities","Trenton",0,0,0,0
"New_Jersey","Cities","Union Beach",1,0,0,0
"New_Jersey","Cities","Union City",0,0,0,0
"New_Jersey","Cities","Verona",0,0,0,0
"New_Jersey","Cities","Vineland",0,0,0,0
"New_Jersey","Cities","Voorhees Township",0,0,0,0
"New_Jersey","Cities","Washington",0,0,0,0
"New_Jersey","Cities","""Washington Township",0,0,0,0
"New_Jersey","Cities","""Washington Township",1,0,0,0
"New_Jersey","Cities","Watchung",0,0,0,0
"New_Jersey","Cities","Weehawken Township",0,0,0,0
"New_Jersey","Cities","West Caldwell Township",0,0,0,0
"New_Jersey","Cities","West Deptford Township",1,0,0,0
"New_Jersey","Cities","West Long Branch",0,0,0,0
"New_Jersey","Cities","West Milford Township",0,0,0,0
"New_Jersey","Cities","Woodbridge Township",0,0,0,0
"New_Jersey","Cities","Woodbury",0,0,0,0
"New_Jersey","Cities","Woodbury Heights",0,0,0,0
"New_Jersey","Cities","Woolwich Township",0,0,0,0
"New_Jersey","Metropolitan Counties","Camden County Police Department",0,0,0,0
"New_Jersey","State Police Agencies","State Police: Ocean County",0,0,0,0
"New_Jersey","State Police Agencies","State Police: Salem County",0,0,0,0
"New_Mexico","Cities","Albuquerque",0,0,0,0
"New_Mexico","Cities","Belen",1,0,0,0
"New_Mexico","Cities","Los Lunas",0,0,0,0
"New_York","Cities","Albany",0,0,0,0
"New_York","Cities","Amherst Town",0,0,0,0
"New_York","Cities","Batavia",0,0,0,0
"New_York","Cities","Brighton Town",0,0,0,0
"New_York","Cities","Buffalo",2,0,1,0
"New_York","Cities","Canandaigua",0,0,0,0
"New_York","Cities","Clarkstown Town",0,0,0,0
"New_York","Cities","Cohoes",0,0,0,0
"New_York","Cities","Colonie Town",0,0,0,0
"New_York","Cities","Crawford Town",0,0,0,0
"New_York","Cities","Croton-on-Hudson Village",0,0,1,0
"New_York","Cities","Freeport Village",1,0,0,0
"New_York","Cities","Greece Town",0,0,0,0
"New_York","Cities","Hamburg Town",0,0,0,0
"New_York","Cities","Hyde Park Town",0,0,0,0
"New_York","Cities","Ithaca",0,0,0,0
"New_York","Cities","Jamestown",0,0,0,0
"New_York","Cities","Liberty Village",0,0,0,0
"New_York","Cities","Middletown",0,0,0,0
"New_York","Cities","Monroe Village",0,0,0,0
"New_York","Cities","Mount Vernon",1,0,0,0
"New_York","Cities","Newburgh",1,0,0,0
"New_York","Cities","New Rochelle",0,0,0,0
"New_York","Cities","New York",17,1,0,1
"New_York","Cities","Niagara Falls",1,0,0,0
"New_York","Cities","North Syracuse Village",0,0,0,0
"New_York","Cities","Owego Village",0,0,0,0
"New_York","Cities","Poughkeepsie",2,1,0,1
"New_York","Cities","Poughkeepsie Town",0,0,0,0
"New_York","Cities","Ramapo Town",0,0,0,0
"New_York","Cities","Rochester",0,0,0,0
"New_York","Cities","Rockville Centre Village",0,0,0,0
"New_York","Cities","Salamanca",0,0,0,0
"New_York","Cities","Saratoga Springs",0,0,0,0
"New_York","Cities","Scarsdale Village",0,0,0,0
"New_York","Cities","Schodack Town",0,0,1,0
"New_York","Cities","Sleepy Hollow Village",0,0,0,0
"New_York","Cities","Spring Valley Village",0,0,0,0
"New_York","Cities","Troy",0,0,0,0
"New_York","Cities","Tuckahoe Village",1,0,0,0
"New_York","Cities","Utica",0,0,0,0
"New_York","Cities","West Seneca Town",0,0,0,0
"New_York","Cities","Yonkers",0,0,1,1
"New_York","Universities and Colleges","Cornell University",0,0,0,0
"New_York","Universities and Colleges","Ithaca College",1,0,0,0
"New_York","Universities and Colleges","State University of New York: Binghamton",0,0,0,1
"New_York","Universities and Colleges","State University of New York: Stony Brook",0,0,0,0
"New_York","Universities and Colleges","State University of New York Agricultural and Technical College: Alfred",0,0,0,0
"New_York","Universities and Colleges","State University of New York Agricultural and Technical College: Cobleskill",0,0,0,0
"New_York","Universities and Colleges","State University of New York Agricultural and Technical College: Morrisville",0,0,1,0
"New_York","Universities and Colleges","State University of New York College: Buffalo",0,0,0,0
"New_York","Universities and Colleges","State University of New York College: Cortland",0,0,0,0
"New_York","Universities and Colleges","State University of New York College: Fredonia",0,0,0,0
"New_York","Universities and Colleges","State University of New York College: New Paltz",0,0,0,0
"New_York","Universities and Colleges","State University of New York College: Oneonta",0,0,0,0
"New_York","Universities and Colleges","State University of New York College: Oswego",0,0,0,0
"New_York","Universities and Colleges","State University of New York College: Potsdam",0,0,0,0
"New_York","Universities and Colleges","State University of New York College: Purchase",0,0,0,0
"New_York","Metropolitan Counties","Broome",0,0,0,0
"New_York","Metropolitan Counties","Erie",1,0,0,0
"New_York","Metropolitan Counties","Livingston",0,0,0,0
"New_York","Metropolitan Counties","Monroe",0,0,0,0
"New_York","Metropolitan Counties","Nassau",3,0,0,0
"New_York","Metropolitan Counties","Oneida",0,0,0,0
"New_York","Metropolitan Counties","Putnam",0,0,0,1
"New_York","Metropolitan Counties","Suffolk County Police Department",4,0,0,0
"New_York","Metropolitan Counties","Ulster",0,0,0,0
"New_York","Metropolitan Counties","Westchester Public Safety",0,0,0,0
"New_York","Nonmetropolitan Counties","St. Lawrence",0,0,0,0
"New_York","State Police Agencies","State Police: Broome County",0,0,0,0
"New_York","State Police Agencies","State Police: Dutchess County",0,0,0,0
"New_York","State Police Agencies","State Police: Franklin County",0,0,0,0
"New_York","State Police Agencies","State Police: Herkimer County",0,0,0,0
"New_York","State Police Agencies","State Police: Jefferson County",0,0,0,0
"New_York","State Police Agencies","State Police: Madison County",0,0,0,0
"New_York","State Police Agencies","State Police: Nassau County",0,0,0,0
"New_York","State Police Agencies","State Police: Orange County",0,0,0,0
"New_York","State Police Agencies","State Police: Otsego County",0,0,0,0
"New_York","State Police Agencies","State Police: Putnam County",1,0,0,0
"New_York","State Police Agencies","State Police: Saratoga County",0,0,0,0
"New_York","State Police Agencies","State Police: Steuben County",0,0,1,0
"New_York","State Police Agencies","State Police: Ulster County",0,0,0,0
"New_York","State Police Agencies","State Police: Westchester County",0,0,0,0
"New_York","Other Agencies","New York City Metropolitan Transportation Authority",0,0,0,0
"New_York","Other Agencies","""State Park",0,0,0,0
"North_Carolina","Cities","Albemarle",0,0,0,0
"North_Carolina","Cities","Asheboro",0,0,0,0
"North_Carolina","Cities","Asheville",1,0,0,0
"North_Carolina","Cities","Burlington",0,0,0,0
"North_Carolina","Cities","Carrboro",0,0,0,0
"North_Carolina","Cities","Chapel Hill",1,0,0,0
"North_Carolina","Cities","Charlotte-Mecklenburg",3,0,0,0
"North_Carolina","Cities","Concord",0,0,0,0
"North_Carolina","Cities","Creedmoor",0,0,0,0
"North_Carolina","Cities","Durham",1,0,0,0
"North_Carolina","Cities","Fayetteville",1,0,0,0
"North_Carolina","Cities","Gastonia",0,0,0,0
"North_Carolina","Cities","Greensboro",0,0,0,0
"North_Carolina","Cities","Greenville",0,0,0,0
"North_Carolina","Cities","Hickory",0,0,0,0
"North_Carolina","Cities","Huntersville",0,0,0,0
"North_Carolina","Cities","King",0,0,0,0
"North_Carolina","Cities","Leland",0,0,0,0
"North_Carolina","Cities","Lilesville",0,0,0,0
"North_Carolina","Cities","Mint Hill",0,0,0,0
"North_Carolina","Cities","Morganton",0,0,0,0
"North_Carolina","Cities","New Bern",0,0,0,0
"North_Carolina","Cities","Oxford",0,0,0,0
"North_Carolina","Cities","Raleigh",1,0,0,0
"North_Carolina","Cities","Rocky Mount",0,0,0,0
"North_Carolina","Cities","Roxboro",0,0,0,0
"North_Carolina","Cities","Salisbury",0,0,0,0
"North_Carolina","Cities","Siler City",0,0,0,0
"North_Carolina","Cities","Thomasville",0,0,0,0
"North_Carolina","Cities","Wadesboro",0,0,0,0
"North_Carolina","Cities","Wilmington",0,0,0,0
"North_Carolina","Cities","Wilson",0,0,0,0
"North_Carolina","Cities","Wrightsville Beach",0,0,0,0
"North_Carolina","Universities and Colleges","East Carolina University",0,0,0,0
"North_Carolina","Universities and Colleges","North Carolina School of the Arts",0,0,0,0
"North_Carolina","Universities and Colleges","University of North Carolina: Greensboro",0,0,0,0
"North_Carolina","Universities and Colleges","University of North Carolina: Wilmington",0,0,0,0
"North_Carolina","Universities and Colleges","Wake Forest University",0,0,0,0
"North_Carolina","Metropolitan Counties","Buncombe",1,0,0,0
"North_Carolina","Metropolitan Counties","Cabarrus",1,0,0,0
"North_Carolina","Metropolitan Counties","Catawba",0,0,0,0
"North_Carolina","Metropolitan Counties","Guilford",0,0,0,0
"North_Carolina","Metropolitan Counties","Iredell",0,0,0,0
"North_Carolina","Metropolitan Counties","New Hanover",0,0,0,0
"North_Carolina","Metropolitan Counties","Pitt",1,0,0,0
"North_Carolina","Nonmetropolitan Counties","Rutherford",0,0,0,0
"North_Carolina","Nonmetropolitan Counties","Surry",0,0,0,0
"North_Carolina","Nonmetropolitan Counties","Swain",0,0,0,0
"North_Dakota","Cities","Beulah",1,0,0,0
"North_Dakota","Cities","Bismarck",5,0,0,0
"North_Dakota","Cities","Carrington",0,0,0,0
"North_Dakota","Cities","Devils Lake",0,0,0,0
"North_Dakota","Cities","Dickinson",0,0,0,0
"North_Dakota","Cities","Fargo",1,1,0,0
"North_Dakota","Cities","Mandan",0,0,0,0
"North_Dakota","Cities","Minot",0,0,0,0
"North_Dakota","Cities","Valley City",0,0,0,0
"North_Dakota","Cities","West Fargo",1,0,0,0
"North_Dakota","Cities","Williston",0,0,0,0
"North_Dakota","Metropolitan Counties","Cass",0,0,0,0
"North_Dakota","Metropolitan Counties","Grand Forks",0,0,0,0
"North_Dakota","Metropolitan Counties","Morton",0,0,0,0
"North_Dakota","Nonmetropolitan Counties","Dunn",0,0,0,0
"North_Dakota","Nonmetropolitan Counties","Golden Valley",1,0,0,0
"North_Dakota","Nonmetropolitan Counties","Grant",0,0,0,0
"North_Dakota","Nonmetropolitan Counties","Mountrail",1,3,0,0
"North_Dakota","Nonmetropolitan Counties","Walsh",0,1,0,0
"Ohio","Cities","Akron",1,0,0,0
"Ohio","Cities","Alliance",1,0,0,0
"Ohio","Cities","Ashland",0,0,0,0
"Ohio","Cities","Athens",0,0,0,0
"Ohio","Cities","Austintown",0,0,0,0
"Ohio","Cities","Barberton",0,0,0,0
"Ohio","Cities","""Bath Township",1,0,0,0
"Ohio","Cities","Bellefontaine",1,0,0,0
"Ohio","Cities","Blue Ash",0,0,0,0
"Ohio","Cities","Boardman",0,0,0,0
"Ohio","Cities","Bucyrus",1,0,0,0
"Ohio","Cities","Butler Township",0,1,0,0
"Ohio","Cities","Celina",0,0,0,0
"Ohio","Cities","Cincinnati",5,1,0,0
"Ohio","Cities","Circleville",0,0,0,0
"Ohio","Cities","Clearcreek Township",1,0,0,0
"Ohio","Cities","Cleveland",1,0,0,0
"Ohio","Cities","Colerain Township",0,0,0,0
"Ohio","Cities","Columbus",15,12,0,0
"Ohio","Cities","Dayton",1,0,0,0
"Ohio","Cities","East Liverpool",0,0,0,0
"Ohio","Cities","East Palestine",0,0,0,0
"Ohio","Cities","Eaton",0,0,0,0
"Ohio","Cities","Englewood",0,0,0,0
"Ohio","Cities","Fairborn",0,0,0,0
"Ohio","Cities","Fairfield",0,0,0,0
"Ohio","Cities","Findlay",0,0,0,0
"Ohio","Cities","Gahanna",0,0,0,0
"Ohio","Cities","Girard",0,0,0,0
"Ohio","Cities","Greenhills",0,1,0,0
"Ohio","Cities","Grove City",1,0,0,0
"Ohio","Cities","Hamilton",0,0,0,0
"Ohio","Cities","Huber Heights",0,2,0,0
"Ohio","Cities","Hudson",1,0,0,0
"Ohio","Cities","""Jackson Township",0,0,0,0
"Ohio","Cities","Kettering",0,0,0,0
"Ohio","Cities","Lancaster",0,0,0,0
"Ohio","Cities","Lorain",0,0,0,0
"Ohio","Cities","Mansfield",0,0,0,0
"Ohio","Cities","Medina",0,0,0,0
"Ohio","Cities","Mentor-on-the-Lake",1,0,0,0
"Ohio","Cities","""Miami Township",0,0,0,0
"Ohio","Cities","Montgomery",0,0,0,0
"Ohio","Cities","Montpelier",0,0,0,0
"Ohio","Cities","Moraine",1,0,0,0
"Ohio","Cities","Mount Vernon",0,0,0,0
"Ohio","Cities","Napoleon",0,0,0,0
"Ohio","Cities","Nelsonville",0,0,0,0
"Ohio","Cities","Niles",0,0,0,0
"Ohio","Cities","North Baltimore",0,0,0,0
"Ohio","Cities","North Canton",0,0,0,0
"Ohio","Cities","North College Hill",0,0,0,0
"Ohio","Cities","Norwalk",0,1,0,0
"Ohio","Cities","Norwood",2,0,0,0
"Ohio","Cities","Ottawa Hills",0,0,0,0
"Ohio","Cities","Parma",0,0,0,0
"Ohio","Cities","Portsmouth",0,0,0,0
"Ohio","Cities","Reynoldsburg",0,0,0,0
"Ohio","Cities","Richwood",0,0,0,0
"Ohio","Cities","Riverside",0,0,0,0
"Ohio","Cities","Solon",0,0,0,0
"Ohio","Cities","South Euclid",0,0,0,0
"Ohio","Cities","Springfield",0,0,0,0
"Ohio","Cities","""Springfield Township",0,0,0,0
"Ohio","Cities","Struthers",0,1,0,0
"Ohio","Cities","Trotwood",0,0,0,0
"Ohio","Cities","Troy",0,0,0,0
"Ohio","Cities","Twinsburg",1,0,0,0
"Ohio","Cities","""Union Township",0,0,0,0
"Ohio","Cities","Upper Arlington",0,0,0,0
"Ohio","Cities","Urbana",0,0,0,0
"Ohio","Cities","Vandalia",0,0,0,0
"Ohio","Cities","Wapakoneta",0,0,0,0
"Ohio","Cities","Warren",0,1,0,0
"Ohio","Cities","Warren Township",0,0,0,0
"Ohio","Cities","Wooster",0,0,0,0
"Ohio","Cities","Xenia",0,0,0,0
"Ohio","Cities","Youngstown",0,0,0,0
"Ohio","Cities","Zanesville",0,0,0,0
"Ohio","Universities and Colleges","Bowling Green State University",0,0,0,0
"Ohio","Universities and Colleges","Capital University",0,0,0,0
"Ohio","Universities and Colleges","Kent State University",0,0,0,0
"Ohio","Universities and Colleges","""Ohio State University",0,0,0,0
"Ohio","Metropolitan Counties","Butler",0,2,0,0
"Ohio","Metropolitan Counties","Clermont",0,0,0,0
"Ohio","Metropolitan Counties","Delaware",1,0,0,0
"Ohio","Metropolitan Counties","Franklin",2,0,0,0
"Ohio","Metropolitan Counties","Fulton",1,0,0,0
"Ohio","Metropolitan Counties","Geauga",0,0,0,0
"Ohio","Metropolitan Counties","Greene",0,0,0,0
"Ohio","Metropolitan Counties","Lorain",0,0,0,0
"Ohio","Metropolitan Counties","Lucas",0,0,0,0
"Ohio","Metropolitan Counties","Medina",0,0,0,0
"Ohio","Metropolitan Counties","Montgomery",1,0,0,0
"Ohio","Metropolitan Counties","Pickaway",0,0,0,0
"Ohio","Metropolitan Counties","Richland",0,0,0,0
"Ohio","Metropolitan Counties","Stark",1,0,0,0
"Ohio","Metropolitan Counties","Trumbull",0,0,0,0
"Ohio","Nonmetropolitan Counties","Ashland",1,0,0,0
"Ohio","Nonmetropolitan Counties","Athens",0,0,0,0
"Ohio","Nonmetropolitan Counties","Auglaize",0,0,0,0
"Ohio","Nonmetropolitan Counties","Hancock",1,0,0,0
"Ohio","Nonmetropolitan Counties","Jackson",0,0,0,0
"Ohio","Nonmetropolitan Counties","Knox",0,0,0,0
"Ohio","Nonmetropolitan Counties","Marion",0,1,0,0
"Ohio","Nonmetropolitan Counties","Meigs",0,0,0,0
"Ohio","Nonmetropolitan Counties","Ross",0,0,0,0
"Ohio","Nonmetropolitan Counties","Shelby",0,0,0,0
"Ohio","Nonmetropolitan Counties","Washington",0,1,0,0
"Ohio","Nonmetropolitan Counties","Wayne",0,0,0,0
"Ohio","Other Agencies","Cleveland Metropolitan Park District",0,0,0,0
"Oklahoma","Cities","Altus",0,0,0,0
"Oklahoma","Cities","Bixby",0,0,0,0
"Oklahoma","Cities","Blanchard",0,0,0,0
"Oklahoma","Cities","Broken Arrow",1,0,0,0
"Oklahoma","Cities","Choctaw",0,0,0,0
"Oklahoma","Cities","Cleveland",1,0,0,0
"Oklahoma","Cities","Elk City",0,0,0,0
"Oklahoma","Cities","Fairfax",0,0,0,0
"Oklahoma","Cities","Heavener",0,0,0,0
"Oklahoma","Cities","Muskogee",0,0,0,0
"Oklahoma","Cities","Norman",0,0,0,0
"Oklahoma","Cities","Oklahoma City",1,0,0,0
"Oklahoma","Cities","Owasso",0,0,0,0
"Oklahoma","Cities","Sapulpa",0,0,0,0
"Oklahoma","Cities","Sayre",0,0,0,0
"Oklahoma","Cities","Skiatook",0,1,0,0
"Oklahoma","Cities","Talihina",0,0,0,0
"Oklahoma","Cities","Tonkawa",0,0,0,0
"Oklahoma","Universities and Colleges","Southwestern Oklahoma State University",0,0,0,0
"Oklahoma","Universities and Colleges","University of Central Oklahoma",0,0,0,0
"Oklahoma","Metropolitan Counties","Grady",0,0,0,0
"Oklahoma","Metropolitan Counties","Tulsa",0,0,0,0
"Oklahoma","Metropolitan Counties","Wagoner",0,0,0,0
"Oklahoma","Nonmetropolitan Counties","Roger Mills",0,0,0,0
"Oklahoma","Other Agencies","Tonkawa Tribal",0,0,0,0
"Oregon","Cities","Ashland",0,0,0,0
"Oregon","Cities","Beaverton",0,0,0,0
"Oregon","Cities","Bend",1,0,0,0
"Oregon","Cities","Eugene",2,0,0,0
"Oregon","Cities","Newberg-Dundee",1,0,0,0
"Oregon","Cities","Newport",0,0,0,0
"Oregon","Cities","Portland",1,0,0,0
"Oregon","Cities","Salem",2,0,0,0
"Oregon","Cities","Springfield",1,0,0,0
"Oregon","Cities","Sutherlin",0,0,0,0
"Oregon","Cities","Tigard",1,0,0,0
"Oregon","Cities","Toledo",0,1,0,0
"Oregon","Metropolitan Counties","Deschutes",0,0,0,0
"Oregon","Metropolitan Counties","Jackson",0,0,0,0
"Oregon","Metropolitan Counties","Lane",0,0,0,0
"Oregon","Metropolitan Counties","Yamhill",0,0,0,0
"Oregon","Nonmetropolitan Counties","Douglas",0,0,0,0
"Oregon","Nonmetropolitan Counties","Umatilla",0,0,0,0
"Pennsylvania","Cities","Ferguson Township",0,0,0,0
"Pennsylvania","Cities","Johnstown",0,0,0,0
"Pennsylvania","Cities","Lancaster",0,0,0,0
"Pennsylvania","Cities","Lewistown",0,0,0,0
"Pennsylvania","Cities","Northern York Regional",0,0,0,0
"Pennsylvania","Cities","Philadelphia",1,0,0,0
"Pennsylvania","Cities","Pittsburgh",0,0,0,0
"Pennsylvania","Cities","Reading",0,0,0,0
"Pennsylvania","Cities","""Richland Township",0,0,0,0
"Pennsylvania","Cities","State College",0,0,0,0
"Pennsylvania","Universities and Colleges","Lehigh University",0,0,0,0
"Pennsylvania","Universities and Colleges","Pennsylvania State University: Altoona",0,0,0,0
"Pennsylvania","Universities and Colleges","Pennsylvania State University: University Park",0,0,0,0
"Pennsylvania","Metropolitan Counties","Lancaster",0,0,0,0
"Pennsylvania","State Police Agencies","State Police: Chester County",0,0,0,0
"Pennsylvania","State Police Agencies","State Police: Franklin County",0,0,0,0
"Pennsylvania","State Police Agencies","State Police: Indiana County",0,0,0,0
"Pennsylvania","State Police Agencies","State Police: Lancaster County",0,0,0,0
"Pennsylvania","State Police Agencies","State Police: Skippack County",0,0,0,0
"Pennsylvania","State Police Agencies","State Police: Pike County",0,0,0,0
"Rhode_Island","Cities","Central Falls",0,0,0,0
"Rhode_Island","Cities","Johnston",0,0,0,0
"Rhode_Island","Cities","Newport",0,0,0,0
"Rhode_Island","Cities","Providence",1,0,0,0
"Rhode_Island","Cities","Warwick",0,0,0,0
"Rhode_Island","Cities","West Warwick",0,0,0,0
"Rhode_Island","Universities and Colleges","University of Rhode Island",0,0,0,0
"South_Carolina","Cities","Anderson",0,0,0,0
"South_Carolina","Cities","Belton",0,0,0,0
"South_Carolina","Cities","Chapin",0,0,0,0
"South_Carolina","Cities","Charleston",0,0,0,0
"South_Carolina","Cities","Clover",0,0,0,0
"South_Carolina","Cities","Columbia",0,0,0,0
"South_Carolina","Cities","Dillon",0,0,0,0
"South_Carolina","Cities","Forest Acres",0,0,0,0
"South_Carolina","Cities","Georgetown",0,0,0,0
"South_Carolina","Cities","Goose Creek",0,0,0,0
"South_Carolina","Cities","Greenville",0,0,0,0
"South_Carolina","Cities","Hardeeville",1,0,0,0
"South_Carolina","Cities","Hartsville",0,0,0,0
"South_Carolina","Cities","Holly Hill",0,0,0,0
"South_Carolina","Cities","Honea Path",0,0,0,0
"South_Carolina","Cities","Latta",0,0,0,0
"South_Carolina","Cities","Lexington",0,0,0,0
"South_Carolina","Cities","Manning",0,0,0,0
"South_Carolina","Cities","Mauldin",1,0,0,0
"South_Carolina","Cities","Orangeburg",0,0,0,0
"South_Carolina","Cities","Salley",0,0,0,0
"South_Carolina","Cities","St. George",0,0,0,0
"South_Carolina","Cities","Summerville",0,0,0,0
"South_Carolina","Cities","Winnsboro",0,0,0,0
"South_Carolina","Universities and Colleges","The Citadel",0,0,0,0
"South_Carolina","Universities and Colleges","""University of South Carolina",0,0,0,0
"South_Carolina","Metropolitan Counties","Berkeley",0,0,0,0
"South_Carolina","Metropolitan Counties","Fairfield",0,0,0,0
"South_Carolina","Metropolitan Counties","Horry County Police Department",1,0,0,0
"South_Carolina","Metropolitan Counties","Lancaster",0,0,0,0
"South_Carolina","Metropolitan Counties","Lexington",0,0,0,0
"South_Carolina","Metropolitan Counties","Sumter",0,0,0,0
"South_Carolina","Metropolitan Counties","Union",0,0,0,0
"South_Carolina","Metropolitan Counties","York",0,0,0,0
"South_Carolina","Nonmetropolitan Counties","Chesterfield",0,0,0,0
"South_Carolina","Nonmetropolitan Counties","Colleton",0,0,0,0
"South_Carolina","Nonmetropolitan Counties","Georgetown",0,0,0,0
"South_Carolina","Nonmetropolitan Counties","Hampton",0,0,0,0
"South_Carolina","Nonmetropolitan Counties","Marlboro",0,0,0,0
"South_Dakota","Cities","Aberdeen",0,0,0,0
"South_Dakota","Cities","Mitchell",0,0,0,0
"South_Dakota","Cities","Rapid City",0,0,0,0
"South_Dakota","Cities","Sioux Falls",0,0,0,0
"South_Dakota","Cities","Vermillion",0,0,0,0
"South_Dakota","Nonmetropolitan Counties","Codington",0,0,0,0
"South_Dakota","Nonmetropolitan Counties","Corson",0,0,0,0
"South_Dakota","Nonmetropolitan Counties","Hutchinson",0,0,0,0
"Tennessee","Cities","Ashland City",0,0,0,0
"Tennessee","Cities","Athens",0,0,0,0
"Tennessee","Cities","Atoka",0,1,0,0
"Tennessee","Cities","Bristol",1,0,0,0
"Tennessee","Cities","Burns",0,0,0,0
"Tennessee","Cities","Chattanooga",0,0,0,0
"Tennessee","Cities","Clarksville",6,0,0,0
"Tennessee","Cities","Collegedale",0,0,0,0
"Tennessee","Cities","Covington",12,4,0,0
"Tennessee","Cities","Dyersburg",0,0,0,0
"Tennessee","Cities","Elizabethton",0,0,0,0
"Tennessee","Cities","Fayetteville",0,0,0,0
"Tennessee","Cities","Franklin",0,0,0,0
"Tennessee","Cities","Gatlinburg",1,0,0,0
"Tennessee","Cities","Graysville",0,0,0,0
"Tennessee","Cities","Greeneville",0,0,0,0
"Tennessee","Cities","Humboldt",0,0,0,0
"Tennessee","Cities","Jackson",0,0,0,0
"Tennessee","Cities","Johnson City",0,0,0,0
"Tennessee","Cities","Jonesborough",4,1,0,0
"Tennessee","Cities","Kingsport",0,0,0,0
"Tennessee","Cities","Knoxville",2,0,0,0
"Tennessee","Cities","Manchester",2,0,0,0
"Tennessee","Cities","Mason",0,0,0,0
"Tennessee","Cities","McMinnville",1,0,0,0
"Tennessee","Cities","Memphis",1,1,0,1
"Tennessee","Cities","Milan",0,0,0,0
"Tennessee","Cities","Millersville",0,0,0,0
"Tennessee","Cities","Millington",4,0,0,0
"Tennessee","Cities","Monterey",1,0,0,0
"Tennessee","Cities","Mount Carmel",0,1,0,0
"Tennessee","Cities","Munford",1,0,0,0
"Tennessee","Cities","Murfreesboro",0,0,0,0
"Tennessee","Cities","Nashville",1,0,0,0
"Tennessee","Cities","Oliver Springs",0,0,0,0
"Tennessee","Cities","Paris",0,0,0,0
"Tennessee","Cities","Pigeon Forge",1,0,0,0
"Tennessee","Cities","Rossville",0,0,0,0
"Tennessee","Cities","Shelbyville",0,0,0,0
"Tennessee","Cities","Spring Hill",0,0,0,0
"Tennessee","Cities","Tullahoma",0,0,0,0
"Tennessee","Cities","Wartburg",0,0,0,0
"Tennessee","Universities and Colleges","Christian Brothers University",0,0,0,0
"Tennessee","Universities and Colleges","Southwest Tennessee Community College",0,0,0,0
"Tennessee","Universities and Colleges","Vanderbilt University",0,0,0,0
"Tennessee","Metropolitan Counties","Hickman",1,0,0,0
"Tennessee","Metropolitan Counties","Jefferson",0,0,0,0
"Tennessee","Metropolitan Counties","Marion",0,0,0,0
"Tennessee","Metropolitan Counties","Robertson",0,0,0,0
"Tennessee","Metropolitan Counties","Shelby",36,1,0,0
"Tennessee","Metropolitan Counties","Sullivan",2,0,0,0
"Tennessee","Metropolitan Counties","Tipton",0,0,0,0
"Tennessee","Nonmetropolitan Counties","Bledsoe",1,0,0,0
"Tennessee","Nonmetropolitan Counties","Henry",2,0,0,0
"Tennessee","Nonmetropolitan Counties","Lake",0,0,0,0
"Tennessee","State Police Agencies","Department of Safety",1,0,0,0
"Texas","Cities","Austin",3,0,0,0
"Texas","Cities","Beaumont",0,0,0,0
"Texas","Cities","Bellaire",0,0,0,0
"Texas","Cities","Bellmead",0,0,0,0
"Texas","Cities","Benbrook",0,0,0,0
"Texas","Cities","Brownwood",0,0,0,0
"Texas","Cities","Carthage",0,0,0,0
"Texas","Cities","Commerce",0,1,0,0
"Texas","Cities","Corpus Christi",0,0,0,0
"Texas","Cities","Dallas",4,0,0,0
"Texas","Cities","Denison",0,1,0,0
"Texas","Cities","Denton",0,0,0,0
"Texas","Cities","El Paso",0,0,0,0
"Texas","Cities","Everman",0,0,0,0
"Texas","Cities","Fort Worth",5,0,0,0
"Texas","Cities","Frisco",0,0,0,0
"Texas","Cities","Gainesville",0,0,0,0
"Texas","Cities","Garland",0,0,0,0
"Texas","Cities","Grapevine",0,0,0,0
"Texas","Cities","Harlingen",0,0,0,0
"Texas","Cities","Houston",4,0,0,0
"Texas","Cities","Lancaster",0,0,0,0
"Texas","Cities","Longview",0,0,0,0
"Texas","Cities","Marble Falls",0,0,0,0
"Texas","Cities","McAllen",0,0,0,0
"Texas","Cities","McKinney",2,0,0,0
"Texas","Cities","Mercedes",0,0,0,0
"Texas","Cities","Mineral Wells",0,0,0,0
"Texas","Cities","Pasadena",0,0,0,0
"Texas","Cities","Plano",1,0,0,0
"Texas","Cities","Richmond",0,0,0,0
"Texas","Cities","San Angelo",0,0,0,0
"Texas","Cities","San Antonio",1,0,0,0
"Texas","Cities","Springtown",0,0,0,0
"Texas","Cities","Temple",0,0,0,0
"Texas","Cities","Terrell",0,0,0,0
"Texas","Cities","Tyler",1,0,0,0
"Texas","Cities","Victoria",0,0,0,0
"Texas","Cities","Vidor",0,0,0,0
"Texas","Cities","Whitehouse",0,0,0,0
"Texas","Universities and Colleges","Amarillo College",0,0,0,0
"Texas","Universities and Colleges","Southern Methodist University",0,0,0,0
"Texas","Universities and Colleges","""University of Texas",0,0,0,0
"Texas","Metropolitan Counties","Collin",1,0,0,0
"Texas","Metropolitan Counties","Goliad",0,0,0,0
"Texas","Metropolitan Counties","Harris",1,0,0,0
"Texas","Metropolitan Counties","Hunt",1,0,0,0
"Texas","Metropolitan Counties","Nueces",0,0,0,0
"Texas","Metropolitan Counties","Travis",1,0,0,0
"Texas","Other Agencies","""Independent School District",1,0,0,0
"Utah","Cities","Bountiful",1,0,0,0
"Utah","Cities","Brigham City",0,0,0,0
"Utah","Cities","Centerville",0,0,0,0
"Utah","Cities","Draper",0,0,0,0
"Utah","Cities","Farmington",0,0,0,0
"Utah","Cities","Grantsville",0,0,0,0
"Utah","Cities","Heber",0,0,0,0
"Utah","Cities","Moab",1,0,0,0
"Utah","Cities","Murray",0,0,0,0
"Utah","Cities","North Salt Lake",0,1,0,0
"Utah","Cities","Pleasant Grove",0,0,0,0
"Utah","Cities","Price",1,0,0,0
"Utah","Cities","Provo",0,0,0,0
"Utah","Cities","Roosevelt",1,0,0,0
"Utah","Cities","Roy",0,0,0,0
"Utah","Cities","Salt Lake City",0,0,0,0
"Utah","Cities","South Jordan",0,0,0,0
"Utah","Cities","South Salt Lake",0,0,0,0
"Utah","Cities","St. George",0,0,0,0
"Utah","Cities","Tooele",0,0,0,0
"Utah","Cities","West Valley",1,0,0,0
"Utah","Cities","Woods Cross",0,0,0,0
"Utah","Universities and Colleges","University of Utah",0,0,0,0
"Utah","Universities and Colleges","""Utah State University",1,0,0,0
"Utah","Metropolitan Counties","Salt Lake County Unified Police Department",0,0,0,0
"Utah","Metropolitan Counties","Tooele",0,1,0,0
"Utah","Metropolitan Counties","Utah",0,0,0,0
"Utah","Metropolitan Counties","Washington",0,0,0,0
"Utah","Nonmetropolitan Counties","Carbon",0,0,0,0
"Utah","Nonmetropolitan Counties","Emery",0,0,0,0
"Utah","Nonmetropolitan Counties","Summit",0,0,0,0
"Utah","Nonmetropolitan Counties","Uintah",0,0,0,0
"Utah","State Police Agencies","Utah Highway Patrol",3,0,0,0
"Utah","Other Agencies","Parks and Recreation",0,0,0,0
"Utah","Other Agencies","Utah Transit Authority",0,0,0,0
"Vermont","Cities","Bennington",0,0,0,0
"Vermont","Cities","Burlington",0,0,0,0
"Vermont","Cities","Castleton",0,0,0,0
"Vermont","Cities","Colchester",0,0,0,0
"Vermont","Cities","Morristown",0,0,0,0
"Vermont","Cities","South Burlington",0,0,0,0
"Vermont","Cities","Springfield",0,0,0,0
"Vermont","Cities","St. Albans",0,0,0,0
"Vermont","Universities and Colleges","University of Vermont",0,0,0,0
"Vermont","State Police Agencies",""" State Police",1,0,0,0
"Virginia","Cities","Bedford",0,0,0,0
"Virginia","Cities","Bristol",0,0,0,0
"Virginia","Cities","Charlottesville",0,0,0,0
"Virginia","Cities","Chesapeake",0,0,0,0
"Virginia","Cities","Christiansburg",0,0,0,0
"Virginia","Cities","Danville",0,0,0,0
"Virginia","Cities","Farmville",0,0,0,0
"Virginia","Cities","Galax",1,0,0,0
"Virginia","Cities","Hampton",0,0,0,0
"Virginia","Cities","Harrisonburg",0,0,0,0
"Virginia","Cities","Hopewell",0,0,0,0
"Virginia","Cities","Manassas",0,0,0,0
"Virginia","Cities","Manassas Park",0,0,0,0
"Virginia","Cities","Newport News",0,0,0,0
"Virginia","Cities","Norfolk",0,0,0,0
"Virginia","Cities","Poquoson",0,0,0,0
"Virginia","Cities","Portsmouth",0,0,0,0
"Virginia","Cities","Radford",0,0,0,0
"Virginia","Cities","Richmond",1,0,0,0
"Virginia","Cities","Roanoke",0,0,0,0
"Virginia","Cities","Suffolk",0,0,0,0
"Virginia","Cities","Virginia Beach",0,0,0,0
"Virginia","Cities","West Point",0,0,0,0
"Virginia","Cities","Woodstock",0,0,0,0
"Virginia","Universities and Colleges","Christopher Newport University",0,0,0,0
"Virginia","Universities and Colleges","George Mason University",0,0,0,0
"Virginia","Universities and Colleges","James Madison University",1,0,0,0
"Virginia","Universities and Colleges","University of Richmond",0,0,0,0
"Virginia","Universities and Colleges","Virginia Commonwealth University",1,0,0,0
"Virginia","Universities and Colleges","Virginia Military Institute",0,0,0,0
"Virginia","Metropolitan Counties","Albemarle County Police Department",1,0,0,0
"Virginia","Metropolitan Counties","Amherst",0,0,0,0
"Virginia","Metropolitan Counties","Appomattox",0,0,0,0
"Virginia","Metropolitan Counties","Arlington County Police Department",0,0,0,0
"Virginia","Metropolitan Counties","Chesterfield County Police Department",0,0,0,0
"Virginia","Metropolitan Counties","Clarke",0,0,0,0
"Virginia","Metropolitan Counties","Fairfax County Police Department",1,0,0,0
"Virginia","Metropolitan Counties","Fluvanna",1,0,0,0
"Virginia","Metropolitan Counties","Gloucester",0,0,0,0
"Virginia","Metropolitan Counties","Henrico County Police Department",0,0,0,0
"Virginia","Metropolitan Counties","James City County Police Department",0,0,0,0
"Virginia","Metropolitan Counties","Loudoun",0,0,0,0
"Virginia","Metropolitan Counties","Powhatan",0,0,0,0
"Virginia","Metropolitan Counties","Prince George County Police Department",0,0,0,0
"Virginia","Metropolitan Counties","Rockingham",0,0,0,0
"Virginia","Metropolitan Counties","Spotsylvania",0,0,0,0
"Virginia","Metropolitan Counties","York",0,0,0,0
"Virginia","Nonmetropolitan Counties","Carroll",0,0,0,0
"Virginia","Nonmetropolitan Counties","Cumberland",0,0,0,0
"Virginia","Nonmetropolitan Counties","King George",0,0,0,0
"Virginia","Nonmetropolitan Counties","Louisa",0,0,0,0
"Virginia","Nonmetropolitan Counties","Orange",0,0,0,0
"Virginia","Nonmetropolitan Counties","Westmoreland",0,0,0,0
"Virginia","State Police Agencies","""State Police",1,0,0,0
"Washington","Cities","Aberdeen",1,0,0,0
"Washington","Cities","Auburn",3,0,0,1
"Washington","Cities","Bellevue",0,0,0,0
"Washington","Cities","Bellingham",2,0,0,0
"Washington","Cities","Burien",0,0,0,0
"Washington","Cities","Cheney",0,0,0,0
"Washington","Cities","Clarkston",0,0,0,0
"Washington","Cities","Covington",0,0,0,0
"Washington","Cities","Des Moines",0,0,0,0
"Washington","Cities","Everett",2,0,0,0
"Washington","Cities","Federal Way",0,0,0,0
"Washington","Cities","Ferndale",0,0,0,0
"Washington","Cities","Fife",1,0,1,0
"Washington","Cities","Granite Falls",0,0,0,0
"Washington","Cities","Hoquiam",0,0,0,0
"Washington","Cities","Kalama",0,0,0,0
"Washington","Cities","Kelso",0,0,0,0
"Washington","Cities","Kenmore",1,0,0,0
"Washington","Cities","Kent3",0,0,0,0
"Washington","Cities","Lacey",0,0,0,0
"Washington","Cities","Lakewood",0,0,0,0
"Washington","Cities","Maple Valley",0,0,0,0
"Washington","Cities","Mercer Island",0,0,0,0
"Washington","Cities","Mill Creek",0,0,1,0
"Washington","Cities","Milton",0,0,0,0
"Washington","Cities","Mount Vernon",0,0,0,0
"Washington","Cities","Napavine",0,0,0,0
"Washington","Cities","Normandy Park",0,0,0,0
"Washington","Cities","Oak Harbor",0,0,0,0
"Washington","Cities","Olympia",1,0,0,0
"Washington","Cities","Omak",1,1,0,0
"Washington","Cities","Orting",0,0,0,0
"Washington","Cities","Pacific",0,0,0,0
"Washington","Cities","Pasco",0,1,0,0
"Washington","Cities","Port Townsend",0,0,0,0
"Washington","Cities","Pullman",0,0,0,0
"Washington","Cities","Redmond",0,0,0,0
"Washington","Cities","Renton",1,0,0,0
"Washington","Cities","Seattle",6,3,2,0
"Washington","Cities","Sedro Woolley",0,0,0,0
"Washington","Cities","Shelton",1,0,0,0
"Washington","Cities","Shoreline",0,0,0,0
"Washington","Cities","Spokane",0,0,0,0
"Washington","Cities","Spokane Valley",1,0,0,0
"Washington","Cities","Sunnyside",1,0,0,0
"Washington","Cities","Tacoma",0,0,0,0
"Washington","Cities","Tukwila",0,0,0,0
"Washington","Cities","Tumwater",0,0,0,0
"Washington","Cities","Vancouver",0,0,0,0
"Washington","Cities","Washougal",0,0,0,0
"Washington","Cities","Wenatchee",1,0,0,0
"Washington","Cities","Yakima",0,0,0,0
"Washington","Universities and Colleges","Eastern Washington University",0,0,0,0
"Washington","Universities and Colleges","University of Washington",0,0,0,0
"Washington","Universities and Colleges","""Washington State University",1,0,0,0
"Washington","Universities and Colleges","Western Washington University",0,0,0,0
"Washington","Metropolitan Counties","Benton",0,1,0,0
"Washington","Metropolitan Counties","Chelan",0,0,0,0
"Washington","Metropolitan Counties","Clark",0,0,0,0
"Washington","Metropolitan Counties","Columbia",2,0,0,0
"Washington","Metropolitan Counties","Cowlitz",0,0,0,0
"Washington","Metropolitan Counties","King",0,0,0,0
"Washington","Metropolitan Counties","Kitsap",0,0,0,0
"Washington","Metropolitan Counties","Pend Oreille",0,0,0,0
"Washington","Metropolitan Counties","Pierce",2,0,0,0
"Washington","Metropolitan Counties","Skagit",0,0,0,0
"Washington","Metropolitan Counties","Skamania",0,0,0,0
"Washington","Metropolitan Counties","Snohomish",0,0,0,0
"Washington","Metropolitan Counties","Spokane",3,1,0,0
"Washington","Metropolitan Counties","Stevens",0,0,0,0
"Washington","Metropolitan Counties","Thurston",0,0,0,0
"Washington","Metropolitan Counties","Yakima",1,0,0,0
"Washington","Nonmetropolitan Counties","Clallam",0,0,0,0
"Washington","Nonmetropolitan Counties","Grant",0,0,0,0
"Washington","Nonmetropolitan Counties","Jefferson",0,0,0,0
"Washington","Nonmetropolitan Counties","Klickitat",1,0,0,0
"Washington","Nonmetropolitan Counties","Lincoln",0,0,0,0
"Washington","Nonmetropolitan Counties","Mason",0,0,0,0
"Washington","Nonmetropolitan Counties","San Juan",0,0,0,0
"Washington","Other Agencies","Port of Seattle",0,0,0,0
"West_Virginia","Cities","Barboursville",0,0,0,0
"West_Virginia","Cities","Beckley",0,0,0,0
"West_Virginia","Cities","Buckhannon",0,0,0,0
"West_Virginia","Cities","Charleston",0,0,0,0
"West_Virginia","Cities","Dunbar",0,0,0,0
"West_Virginia","Cities","Fairmont",0,0,0,0
"West_Virginia","Cities","Huntington",1,0,0,0
"West_Virginia","Cities","Martinsburg",0,0,0,0
"West_Virginia","Cities","Morgantown",1,0,0,0
"West_Virginia","Cities","Moundsville",0,0,0,0
"West_Virginia","Cities","Oak Hill",0,0,0,0
"West_Virginia","Cities","Wellsburg",0,0,0,0
"West_Virginia","Metropolitan Counties","Brooke",0,0,0,0
"West_Virginia","Metropolitan Counties","Fayette",0,0,0,0
"West_Virginia","Metropolitan Counties","Hancock",0,0,0,0
"West_Virginia","Nonmetropolitan Counties","Harrison",0,0,0,0
"West_Virginia","Nonmetropolitan Counties","McDowell",0,0,0,0
"Wisconsin","Cities","Algoma",0,0,0,0
"Wisconsin","Cities","Appleton",0,0,0,0
"Wisconsin","Cities","Burlington",0,0,0,0
"Wisconsin","Cities","Fond du Lac",1,0,0,0
"Wisconsin","Cities","Green Bay",0,0,0,0
"Wisconsin","Cities","Janesville",0,0,0,0
"Wisconsin","Cities","La Crosse",0,0,0,0
"Wisconsin","Cities","Madison",5,0,0,0
"Wisconsin","Cities","Merrill",1,0,0,0
"Wisconsin","Cities","Milwaukee",0,0,0,0
"Wisconsin","Cities","Oak Creek",1,0,0,0
"Wisconsin","Cities","River Falls",0,0,0,0
"Wisconsin","Cities","Sparta",0,0,0,0
"Wisconsin","Cities","Wausau",0,0,0,0
"Wisconsin","Universities and Colleges","""University of Wisconsin",2,0,0,0
"Wisconsin","Metropolitan Counties","Dane",0,0,0,0
"Wisconsin","Nonmetropolitan Counties","Burnett",0,0,0,0
"Wisconsin","Nonmetropolitan Counties","Grant",0,0,0,0
"Wisconsin","Nonmetropolitan Counties","Lincoln",0,0,0,0
"Wisconsin","Nonmetropolitan Counties","Manitowoc",0,0,0,0
"Wisconsin","Nonmetropolitan Counties","Oneida",0,0,0,0
"Wyoming","Cities","Gillette",1,0,0,0
